-- phpMyAdmin SQL Dump
-- version 4.7.4
-- https://www.phpmyadmin.net/
--
-- Host: 127.0.0.1
-- Generation Time: Aug 13, 2018 at 11:03 AM
-- Server version: 10.1.28-MariaDB
-- PHP Version: 7.0.25

SET SQL_MODE = "NO_AUTO_VALUE_ON_ZERO";
SET AUTOCOMMIT = 0;
START TRANSACTION;
SET time_zone = "+00:00";


/*!40101 SET @OLD_CHARACTER_SET_CLIENT=@@CHARACTER_SET_CLIENT */;
/*!40101 SET @OLD_CHARACTER_SET_RESULTS=@@CHARACTER_SET_RESULTS */;
/*!40101 SET @OLD_COLLATION_CONNECTION=@@COLLATION_CONNECTION */;
/*!40101 SET NAMES utf8mb4 */;

--
-- Database: `eapi_db`
--

-- --------------------------------------------------------

--
-- Table structure for table `migrations`
--

CREATE TABLE `migrations` (
  `id` int(10) UNSIGNED NOT NULL,
  `migration` varchar(191) COLLATE utf8mb4_unicode_ci NOT NULL,
  `batch` int(11) NOT NULL
) ENGINE=InnoDB DEFAULT CHARSET=utf8mb4 COLLATE=utf8mb4_unicode_ci;

--
-- Dumping data for table `migrations`
--

INSERT INTO `migrations` (`id`, `migration`, `batch`) VALUES
(1, '2014_10_12_000000_create_users_table', 1),
(2, '2014_10_12_100000_create_password_resets_table', 1),
(3, '2018_08_13_075155_create_products_table', 1),
(4, '2018_08_13_075256_create_reviews_table', 1);

-- --------------------------------------------------------

--
-- Table structure for table `password_resets`
--

CREATE TABLE `password_resets` (
  `email` varchar(191) COLLATE utf8mb4_unicode_ci NOT NULL,
  `token` varchar(191) COLLATE utf8mb4_unicode_ci NOT NULL,
  `created_at` timestamp NULL DEFAULT NULL
) ENGINE=InnoDB DEFAULT CHARSET=utf8mb4 COLLATE=utf8mb4_unicode_ci;

-- --------------------------------------------------------

--
-- Table structure for table `products`
--

CREATE TABLE `products` (
  `id` int(10) UNSIGNED NOT NULL,
  `name` varchar(191) COLLATE utf8mb4_unicode_ci NOT NULL,
  `details` text COLLATE utf8mb4_unicode_ci NOT NULL,
  `price` int(11) NOT NULL,
  `stock` int(11) NOT NULL,
  `discount` int(11) NOT NULL,
  `created_at` timestamp NULL DEFAULT NULL,
  `updated_at` timestamp NULL DEFAULT NULL
) ENGINE=InnoDB DEFAULT CHARSET=utf8mb4 COLLATE=utf8mb4_unicode_ci;

--
-- Dumping data for table `products`
--

INSERT INTO `products` (`id`, `name`, `details`, `price`, `stock`, `discount`, `created_at`, `updated_at`) VALUES
(1, 'et', 'Ipsum voluptatem quia debitis quia tempora dicta omnis aperiam. Amet est labore sint est quod aut. Autem suscipit modi fugiat cupiditate amet enim doloremque. Temporibus error architecto aliquid cumque suscipit sit.', 522, 5, 23, '2018-08-13 03:31:12', '2018-08-13 03:31:12'),
(2, 'id', 'Quibusdam qui rerum consequatur molestiae et. Veniam quod aut aspernatur. Qui maiores sunt recusandae est et. Quia id doloremque esse modi eos quis fuga eaque. Ut quos eveniet non ullam commodi natus.', 379, 6, 14, '2018-08-13 03:31:12', '2018-08-13 03:31:12'),
(3, 'esse', 'Cumque sed dolor saepe eaque dolores est fugit. Voluptas quidem officia aut odio unde et. Sunt nobis minima vero eveniet similique laboriosam culpa ea. Nostrum illum tenetur quo ea aut ducimus enim.', 681, 9, 27, '2018-08-13 03:31:12', '2018-08-13 03:31:12'),
(4, 'suscipit', 'Cum illum qui incidunt iste consequatur. Repellat soluta alias assumenda sed voluptatem. Error at quis dolor ducimus. Sed voluptatum sed odit et dolore vel doloremque. Architecto deserunt sunt nostrum repellat sunt quia.', 683, 3, 20, '2018-08-13 03:31:12', '2018-08-13 03:31:12'),
(5, 'exercitationem', 'Delectus sint voluptas sint harum. Quod excepturi dicta adipisci dignissimos natus. Enim nisi mollitia vel ut modi voluptatibus. Odio porro voluptatibus provident eveniet rerum accusantium totam.', 484, 1, 12, '2018-08-13 03:31:12', '2018-08-13 03:31:12'),
(6, 'temporibus', 'Esse perferendis sed veritatis tempora nesciunt dolorum. Iusto suscipit non velit quas consectetur laudantium.', 588, 6, 23, '2018-08-13 03:31:12', '2018-08-13 03:31:12'),
(7, 'voluptas', 'Qui omnis repudiandae incidunt nam facilis. Vel qui amet beatae. Possimus libero nobis fugit aliquam perferendis voluptatum. Inventore consequuntur nemo voluptas consectetur consequatur voluptas.', 420, 7, 3, '2018-08-13 03:31:12', '2018-08-13 03:31:12'),
(8, 'quis', 'Ipsum quis nihil voluptatem dicta. Est beatae molestiae eveniet eum ut beatae dolores nemo. Tempore est doloremque in magni odit est tenetur consequatur. Cum sit quas dolorem vero molestias omnis.', 735, 9, 29, '2018-08-13 03:31:12', '2018-08-13 03:31:12'),
(9, 'voluptatem', 'Ad soluta praesentium sunt ratione ut voluptatem. Odio nemo doloremque amet. Dignissimos commodi eum quo dolore.', 230, 7, 22, '2018-08-13 03:31:12', '2018-08-13 03:31:12'),
(10, 'aspernatur', 'Et laudantium voluptas odit. Rerum assumenda dolorem voluptatem quasi sint quaerat. Voluptate pariatur ullam quisquam et recusandae velit quia. Sint necessitatibus voluptas praesentium numquam ipsa nesciunt occaecati.', 527, 7, 10, '2018-08-13 03:31:12', '2018-08-13 03:31:12'),
(11, 'animi', 'Consequatur vitae ipsam consequatur reiciendis aliquam rerum omnis. Dolorem dolor tempora quidem facere temporibus perferendis. Repellendus facilis quis unde voluptas fugiat unde reprehenderit. Ut assumenda dicta magni.', 417, 1, 21, '2018-08-13 03:31:12', '2018-08-13 03:31:12'),
(12, 'reprehenderit', 'Ullam temporibus autem sed. Voluptas aut quos autem magnam voluptatem recusandae. Doloremque ea vel occaecati sunt eius.', 380, 3, 27, '2018-08-13 03:31:12', '2018-08-13 03:31:12'),
(13, 'aliquid', 'Natus sed itaque omnis accusantium. Quod nemo omnis necessitatibus itaque laborum. Vitae dolorum aut laboriosam est explicabo asperiores nihil dolor.', 922, 1, 14, '2018-08-13 03:31:12', '2018-08-13 03:31:12'),
(14, 'consequatur', 'Sit ea recusandae velit qui ex quam. Ad aut error in nisi consectetur. Omnis id dolores explicabo hic doloribus fuga voluptatem.', 922, 6, 3, '2018-08-13 03:31:12', '2018-08-13 03:31:12'),
(15, 'nulla', 'Quaerat eos et dolorem animi qui et modi aliquid. Voluptates labore aut totam aspernatur eligendi quia. Numquam molestiae unde est voluptatem.', 223, 2, 23, '2018-08-13 03:31:12', '2018-08-13 03:31:12'),
(16, 'ea', 'Illo et ut aliquid. Eos ad totam nisi esse sit quasi et. Cum et reiciendis itaque culpa vel quos.', 568, 0, 20, '2018-08-13 03:31:12', '2018-08-13 03:31:12'),
(17, 'enim', 'Doloribus harum fugit et non modi aut. Officia ducimus autem rerum.', 749, 6, 8, '2018-08-13 03:31:12', '2018-08-13 03:31:12'),
(18, 'qui', 'Qui nisi id enim minus. Asperiores ipsam veniam dolorem impedit eos natus voluptatum. Explicabo enim eum nulla.', 859, 5, 8, '2018-08-13 03:31:12', '2018-08-13 03:31:12'),
(19, 'repudiandae', 'Iure assumenda dolore ullam dolor. Qui incidunt voluptas fuga tenetur sed. Sed culpa architecto voluptatum sit nihil.', 275, 3, 9, '2018-08-13 03:31:13', '2018-08-13 03:31:13'),
(20, 'dolores', 'Dolores laborum et dolores a quas consequatur vitae. Sit similique fugit et nihil et sed a. Dignissimos veritatis a a optio sunt aut odio.', 475, 3, 27, '2018-08-13 03:31:13', '2018-08-13 03:31:13'),
(21, 'omnis', 'At et dicta nostrum itaque possimus quia molestiae non. Ipsa enim nemo ab delectus incidunt ducimus. Repudiandae magni assumenda eius quaerat consequatur veniam ut quae. Omnis delectus aut minus sunt perspiciatis voluptas.', 838, 2, 27, '2018-08-13 03:31:13', '2018-08-13 03:31:13'),
(22, 'facere', 'Animi suscipit aspernatur itaque quia. Maiores eum ea rerum quis quae asperiores. Odio animi aut exercitationem itaque et.', 844, 0, 10, '2018-08-13 03:31:13', '2018-08-13 03:31:13'),
(23, 'veniam', 'Eius numquam nemo est id aut quis tenetur. Atque numquam placeat et aut voluptatem quibusdam. Corporis vel id sit et maiores. Aspernatur deserunt cum soluta consequatur qui.', 460, 4, 5, '2018-08-13 03:31:13', '2018-08-13 03:31:13'),
(24, 'mollitia', 'Corrupti nemo ad et quaerat. Dolor id eligendi consectetur quaerat vel nisi et. Molestias culpa et ut aut minima. Hic odit provident sint fugiat molestiae similique mollitia qui.', 949, 8, 22, '2018-08-13 03:31:13', '2018-08-13 03:31:13'),
(25, 'exercitationem', 'Aperiam officiis sit doloribus deserunt velit ut. Dolor est voluptas quis impedit non quo ducimus. Incidunt dolorem quibusdam velit optio quia cum ad. Labore expedita culpa voluptatum non voluptatem.', 826, 7, 8, '2018-08-13 03:31:13', '2018-08-13 03:31:13'),
(26, 'perferendis', 'Qui corrupti itaque animi velit dolor esse. Quis porro quam voluptas ut et. Eos nisi quia sapiente voluptates qui eum et.', 255, 4, 18, '2018-08-13 03:31:13', '2018-08-13 03:31:13'),
(27, 'reprehenderit', 'Non tenetur eaque adipisci voluptate dignissimos. Et veniam quaerat repellendus est.', 143, 1, 30, '2018-08-13 03:31:13', '2018-08-13 03:31:13'),
(28, 'tempora', 'Voluptatem et nesciunt autem rerum sunt nihil in magni. Dolorum ut quas perspiciatis excepturi ut. Ut iusto repudiandae nihil qui vero voluptatem aut. Et itaque officia qui rerum ut.', 431, 1, 10, '2018-08-13 03:31:13', '2018-08-13 03:31:13'),
(29, 'illum', 'Eos delectus animi commodi molestias amet. Eius enim amet nulla quibusdam unde iste. Qui est cupiditate fugiat deleniti sunt beatae nesciunt. Eum qui quibusdam voluptatem dolor voluptas deleniti nesciunt ipsa. Aperiam ad occaecati sit unde alias nostrum molestiae.', 374, 0, 21, '2018-08-13 03:31:13', '2018-08-13 03:31:13'),
(30, 'animi', 'Magnam cumque hic officia. Eos magnam rerum quaerat facilis quaerat in. Illum voluptate dicta debitis veritatis impedit sunt.', 955, 0, 27, '2018-08-13 03:31:13', '2018-08-13 03:31:13'),
(31, 'eum', 'Adipisci ex quisquam et molestiae saepe sed. Dolor officiis odit voluptatem consequatur.', 189, 0, 16, '2018-08-13 03:31:13', '2018-08-13 03:31:13'),
(32, 'iusto', 'Nihil ea blanditiis voluptas et voluptatem odit. Explicabo et cum voluptatum tempore sunt consequatur quia. Laboriosam quibusdam magnam voluptatem voluptatem tempore temporibus impedit. Voluptatibus iste dolores velit corrupti qui nulla.', 723, 1, 24, '2018-08-13 03:31:13', '2018-08-13 03:31:13'),
(33, 'ipsa', 'Et nihil totam molestiae delectus et sed incidunt. Sequi voluptatem enim voluptas qui blanditiis cum doloremque. Voluptates fugiat molestias ipsam et et.', 513, 4, 3, '2018-08-13 03:31:13', '2018-08-13 03:31:13'),
(34, 'maxime', 'Nesciunt a magni ad beatae ad. Aspernatur qui laborum officiis autem autem sed. Earum et itaque consectetur. Totam suscipit necessitatibus quisquam.', 204, 4, 12, '2018-08-13 03:31:13', '2018-08-13 03:31:13'),
(35, 'suscipit', 'Totam optio fuga nisi eius quos amet. Ex impedit animi ratione sunt. Omnis repellendus aliquid laborum quis reiciendis et recusandae.', 348, 1, 29, '2018-08-13 03:31:13', '2018-08-13 03:31:13'),
(36, 'nostrum', 'Atque debitis animi qui sed necessitatibus consequuntur ipsam. Qui omnis perspiciatis repellendus quam non molestiae. Id tempore eum corporis accusantium aliquam. Quas odit ut sequi nemo eius ad aliquam.', 272, 6, 21, '2018-08-13 03:31:13', '2018-08-13 03:31:13'),
(37, 'corrupti', 'Illum enim aut id nobis nobis quibusdam et asperiores. Suscipit molestiae natus quam. Adipisci qui ratione autem voluptatem est.', 308, 5, 5, '2018-08-13 03:31:13', '2018-08-13 03:31:13'),
(38, 'temporibus', 'Harum aut commodi vitae minima in sit cumque. Quo explicabo consectetur ut eaque et. Numquam tenetur ut fugiat aperiam.', 401, 8, 22, '2018-08-13 03:31:13', '2018-08-13 03:31:13'),
(39, 'non', 'Sint nesciunt laboriosam dicta minus perspiciatis aut odio qui. Autem dolor soluta qui earum distinctio minus fugiat. Accusantium error quasi non.', 758, 0, 19, '2018-08-13 03:31:13', '2018-08-13 03:31:13'),
(40, 'debitis', 'Itaque sint ut provident eum. Asperiores ab accusantium et eveniet qui nihil natus. Explicabo at et modi ut tenetur facere.', 625, 2, 9, '2018-08-13 03:31:13', '2018-08-13 03:31:13'),
(41, 'eveniet', 'Corrupti earum aut et esse distinctio. Cumque animi quo non quis.', 764, 4, 22, '2018-08-13 03:31:13', '2018-08-13 03:31:13'),
(42, 'occaecati', 'Sit animi est ut dolor et in soluta. Ab ullam debitis odit et velit quos. Suscipit officiis dolores ut reprehenderit sit minus beatae. Magni velit ut velit consequuntur distinctio possimus magni omnis.', 520, 1, 14, '2018-08-13 03:31:13', '2018-08-13 03:31:13'),
(43, 'et', 'Doloribus quia et adipisci et quos esse. Impedit ut magnam vitae provident ut. Consequuntur in voluptas ad dolorem vitae quidem hic. Harum ut fugiat rerum odio temporibus.', 245, 5, 28, '2018-08-13 03:31:13', '2018-08-13 03:31:13'),
(44, 'repellendus', 'Qui itaque et delectus commodi. Dolorem qui consectetur totam. Facilis nemo enim rerum autem.', 103, 8, 30, '2018-08-13 03:31:13', '2018-08-13 03:31:13'),
(45, 'quas', 'Adipisci cupiditate deserunt consequatur molestiae odio voluptas accusantium qui. Laboriosam amet esse occaecati quo labore rerum ab quia. Molestiae tempore molestiae quod. Est consequatur architecto voluptas sunt qui.', 308, 0, 22, '2018-08-13 03:31:13', '2018-08-13 03:31:13'),
(46, 'vel', 'Autem atque aut consequatur ut qui facere eos. Qui id non quis facilis saepe. Delectus aut magni cumque maxime velit sequi.', 369, 7, 30, '2018-08-13 03:31:13', '2018-08-13 03:31:13'),
(47, 'aliquam', 'Praesentium autem saepe reprehenderit perspiciatis molestias. Et quaerat ut harum neque ipsam. Ea ea quidem illum sed error ullam.', 970, 8, 22, '2018-08-13 03:31:13', '2018-08-13 03:31:13'),
(48, 'non', 'Nostrum consectetur enim eligendi quis. Qui cupiditate consequuntur blanditiis omnis earum. In sunt et error accusamus. Nam qui hic occaecati tempora vitae.', 895, 9, 14, '2018-08-13 03:31:13', '2018-08-13 03:31:13'),
(49, 'in', 'Non aut accusamus corporis quam eos voluptatem eum est. Eos cumque fuga saepe enim ut consectetur aut dolores. Veniam culpa in natus illum ut beatae.', 373, 9, 16, '2018-08-13 03:31:14', '2018-08-13 03:31:14'),
(50, 'ut', 'Pariatur rerum esse repellendus quia velit. Modi vero officia quia laudantium id consequatur dolorem. Ex ipsa est aut enim asperiores modi quas et. Ullam neque laborum et sed incidunt. Et accusamus sapiente iure ratione blanditiis molestiae expedita sint.', 150, 7, 27, '2018-08-13 03:31:14', '2018-08-13 03:31:14');

-- --------------------------------------------------------

--
-- Table structure for table `reviews`
--

CREATE TABLE `reviews` (
  `id` int(10) UNSIGNED NOT NULL,
  `product_id` int(10) UNSIGNED NOT NULL,
  `customer` varchar(191) COLLATE utf8mb4_unicode_ci NOT NULL,
  `review` text COLLATE utf8mb4_unicode_ci NOT NULL,
  `star` int(11) NOT NULL,
  `created_at` timestamp NULL DEFAULT NULL,
  `updated_at` timestamp NULL DEFAULT NULL
) ENGINE=InnoDB DEFAULT CHARSET=utf8mb4 COLLATE=utf8mb4_unicode_ci;

--
-- Dumping data for table `reviews`
--

INSERT INTO `reviews` (`id`, `product_id`, `customer`, `review`, `star`, `created_at`, `updated_at`) VALUES
(1, 23, 'Kenneth Cormier', 'Dicta amet molestiae distinctio et alias laudantium. Ducimus deserunt nobis et quia nobis dicta. Nihil voluptate debitis corporis consequatur ipsam et. Fuga recusandae vel delectus molestias.', 4, '2018-08-13 03:31:14', '2018-08-13 03:31:14'),
(2, 1, 'Ms. Dakota Jones DDS', 'Ratione et expedita doloremque et ea nam voluptas. Eos ipsam est omnis hic illo. Quidem necessitatibus temporibus voluptatibus eveniet. Vel dolorem ut id et. Corrupti sapiente aut dignissimos aut sit ipsam.', 4, '2018-08-13 03:31:14', '2018-08-13 03:31:14'),
(3, 18, 'Mr. Fredy Botsford Sr.', 'Rerum quidem ipsa quo dolorum. At aut omnis quo in. Omnis aut molestiae dolorum sunt perspiciatis molestiae qui.', 5, '2018-08-13 03:31:14', '2018-08-13 03:31:14'),
(4, 5, 'Juwan Gleichner', 'Praesentium omnis consequuntur asperiores et et minus qui. Tempora iusto voluptatum iste sapiente corrupti doloremque voluptatem vero. Voluptas error alias fugit et. Exercitationem dolor omnis consectetur rem maxime nemo.', 3, '2018-08-13 03:31:14', '2018-08-13 03:31:14'),
(5, 48, 'Dr. Brett Lynch', 'A quia quia sint. Facilis fugiat deserunt nostrum dolorum. Odio ullam id nemo. Necessitatibus quisquam qui eaque aut unde iusto. Eum quis nihil placeat est.', 1, '2018-08-13 03:31:15', '2018-08-13 03:31:15'),
(6, 6, 'Prof. Ernesto McGlynn Jr.', 'Aut magni qui sunt sed id autem qui. Animi natus sed eos. Similique facilis fugit autem corporis aut quam. Deserunt aut voluptatibus aspernatur veniam.', 1, '2018-08-13 03:31:15', '2018-08-13 03:31:15'),
(7, 16, 'Myrtle Collier', 'Sed maiores consectetur ex vel. Reprehenderit ut tempore iure repellat nostrum modi. Blanditiis architecto placeat cumque exercitationem. Voluptatem labore cum sunt tempore rerum est.', 1, '2018-08-13 03:31:15', '2018-08-13 03:31:15'),
(8, 6, 'Mathias Jast', 'Perspiciatis culpa nulla iste reprehenderit. Qui tenetur asperiores aut ea. Adipisci sed sunt sequi.', 4, '2018-08-13 03:31:15', '2018-08-13 03:31:15'),
(9, 10, 'Casey Hintz I', 'Dolor voluptatem modi inventore eveniet qui officiis. Iusto doloribus est nostrum possimus. Dolor corrupti aut maiores voluptates non unde perspiciatis nulla.', 5, '2018-08-13 03:31:15', '2018-08-13 03:31:15'),
(10, 50, 'Mrs. Katelynn Harvey DDS', 'Qui quis ipsam ipsum dolorem sequi non eligendi. Magni maxime quasi rerum. Nihil rerum ut commodi cumque. Fuga similique eum unde eos.', 5, '2018-08-13 03:31:15', '2018-08-13 03:31:15'),
(11, 41, 'Pedro Botsford', 'Beatae iste blanditiis consequatur explicabo qui magni enim. Assumenda vel ut est sint quos veritatis est. Nulla natus iure commodi vero iste debitis rerum.', 0, '2018-08-13 03:31:15', '2018-08-13 03:31:15'),
(12, 9, 'Jayne Doyle', 'Nemo at eum dignissimos recusandae ipsam. Facere qui quae error tempore et. Ex occaecati magnam odio assumenda possimus. Aut id omnis autem et ab.', 3, '2018-08-13 03:31:15', '2018-08-13 03:31:15'),
(13, 35, 'Mrs. Cecelia Ankunding V', 'Aut at magni hic qui perspiciatis. Eum excepturi magni laudantium velit autem culpa. Minus aut eum quia debitis eligendi nam maxime.', 0, '2018-08-13 03:31:15', '2018-08-13 03:31:15'),
(14, 13, 'Ms. Cassidy Kuhlman I', 'Deserunt qui est neque vel est. Maxime odit quo iste id nesciunt saepe asperiores velit. Ut quis ad omnis est vero voluptatem adipisci voluptates.', 5, '2018-08-13 03:31:15', '2018-08-13 03:31:15'),
(15, 35, 'Dr. Vince Beier DVM', 'Repellat repellat iste et eveniet culpa. Doloribus molestias sed animi enim aut quod esse. Ducimus fugiat quam aspernatur dicta aperiam velit. Ut tenetur et iste praesentium.', 2, '2018-08-13 03:31:15', '2018-08-13 03:31:15'),
(16, 25, 'Ellie Runolfsson', 'Veniam perferendis mollitia expedita non qui officia. Iusto aliquam quia ullam qui assumenda ut.', 2, '2018-08-13 03:31:15', '2018-08-13 03:31:15'),
(17, 40, 'Betty Frami', 'Dolor sunt quia accusantium repellat rerum odit. Similique nihil ut sit optio veniam temporibus. Quod officiis quaerat aliquam voluptas sed et officiis.', 4, '2018-08-13 03:31:15', '2018-08-13 03:31:15'),
(18, 19, 'Dr. Jaeden Towne MD', 'Molestias officiis porro facere totam. Impedit sed eum voluptate cumque. Aperiam et asperiores quia occaecati. Qui quo aut nihil qui corrupti.', 1, '2018-08-13 03:31:15', '2018-08-13 03:31:15'),
(19, 11, 'Mr. Vance Schultz', 'Laudantium sint neque nesciunt quam dolor. Id rerum repudiandae voluptas laudantium illum quia rerum. Sed cumque iure dolores odit.', 5, '2018-08-13 03:31:15', '2018-08-13 03:31:15'),
(20, 50, 'Reid Dicki', 'Voluptas qui perspiciatis modi odio. Cumque dolorum deleniti consequatur. Sed nisi qui repellendus est. Dolores omnis voluptate ipsa fugiat.', 0, '2018-08-13 03:31:15', '2018-08-13 03:31:15'),
(21, 31, 'Jaycee Russel', 'Sit eum fugiat quia cum laudantium. Ratione officia eaque et sit ullam illum iusto. Quia ut doloribus et iste illo voluptas.', 5, '2018-08-13 03:31:15', '2018-08-13 03:31:15'),
(22, 8, 'Rhiannon Lubowitz', 'Voluptas deserunt assumenda vero veniam sunt repellat ut. Distinctio dolores velit aliquam. Voluptas ratione molestiae officia deleniti quis. Ducimus non facere omnis repellendus vel aliquam.', 5, '2018-08-13 03:31:15', '2018-08-13 03:31:15'),
(23, 31, 'Cyril Green', 'Ut vitae nesciunt et tempora. Provident quia expedita deserunt id debitis. Sunt ad ex dolorum quae quibusdam voluptatem. Voluptatem nihil a maiores.', 1, '2018-08-13 03:31:15', '2018-08-13 03:31:15'),
(24, 29, 'Perry Macejkovic', 'Id odio eum error assumenda autem. Nobis non debitis est. Modi cum fugiat et ut omnis beatae eveniet sed. Id iste sed cupiditate rerum blanditiis rem sunt ipsa.', 5, '2018-08-13 03:31:15', '2018-08-13 03:31:15'),
(25, 22, 'Elton Berge', 'Aut minima qui consectetur ab. Quas ipsa aut cumque est eum ut tempore. Quis eveniet quis quibusdam ut mollitia.', 2, '2018-08-13 03:31:15', '2018-08-13 03:31:15'),
(26, 42, 'Kelsi Harber', 'Beatae eos dolorum minima est tempora. Est quia earum officiis ducimus facilis. Voluptatibus nesciunt officiis sunt aut. Nobis sit accusamus autem cupiditate asperiores.', 0, '2018-08-13 03:31:15', '2018-08-13 03:31:15'),
(27, 44, 'Amir Swaniawski', 'Dolor quia et et sit aut. Eum eum dicta enim consequatur quaerat. Provident dolore aliquam autem iste.', 0, '2018-08-13 03:31:15', '2018-08-13 03:31:15'),
(28, 9, 'Assunta Okuneva', 'Optio nesciunt facere velit beatae. Consequatur ut aut libero sunt. Rerum deleniti deleniti velit rem ut.', 3, '2018-08-13 03:31:15', '2018-08-13 03:31:15'),
(29, 50, 'Sydney Konopelski', 'Perspiciatis vel vero hic deleniti. Illum neque ex et voluptatem numquam consequatur. Aperiam iste magni amet voluptates et. Deleniti amet consequatur pariatur.', 4, '2018-08-13 03:31:15', '2018-08-13 03:31:15'),
(30, 27, 'Lou Boyle I', 'Iste quia quis ea id vitae ut et. Aut temporibus ea et aperiam.', 0, '2018-08-13 03:31:15', '2018-08-13 03:31:15'),
(31, 47, 'Mr. Camden Dibbert', 'Dolor est illo sed laboriosam voluptas. Quia sint nihil vel repudiandae labore in. Deserunt veritatis est ipsam vel exercitationem labore.', 0, '2018-08-13 03:31:15', '2018-08-13 03:31:15'),
(32, 50, 'Buford Aufderhar', 'Nesciunt et vero quis vel dignissimos. Autem maxime qui atque deleniti explicabo veniam. Nobis non saepe quia sit.', 4, '2018-08-13 03:31:15', '2018-08-13 03:31:15'),
(33, 49, 'Delores Spencer', 'Vitae saepe vel voluptate facilis voluptas beatae nihil. Sunt commodi nobis consequuntur quia. Ut non dolores sed pariatur et iusto. Voluptate error minus maiores eligendi vel quasi.', 5, '2018-08-13 03:31:15', '2018-08-13 03:31:15'),
(34, 35, 'Tristin Bahringer', 'Velit omnis sed explicabo fugit hic. Laudantium ut mollitia amet doloribus. Quo facere sequi ullam nesciunt. Voluptatum architecto laboriosam atque.', 4, '2018-08-13 03:31:15', '2018-08-13 03:31:15'),
(35, 18, 'Adrianna Breitenberg', 'Dolorem optio dolore et facere nihil. Ut rerum officia quis distinctio et consequatur voluptatum. Nesciunt saepe quam eos ea doloremque sed quidem.', 1, '2018-08-13 03:31:15', '2018-08-13 03:31:15'),
(36, 39, 'Miss Mittie Gibson', 'Et perferendis hic at dolores. Odit voluptatem cum earum eum dolorum sequi. Doloremque suscipit dolores earum nobis.', 0, '2018-08-13 03:31:15', '2018-08-13 03:31:15'),
(37, 1, 'Ella Huel', 'Incidunt placeat aut voluptas. Corrupti nobis eos aspernatur rem ducimus consequuntur aut earum. Hic recusandae incidunt perspiciatis cupiditate fugit.', 3, '2018-08-13 03:31:15', '2018-08-13 03:31:15'),
(38, 24, 'Alvah Cormier', 'Iure reprehenderit ut quas iure. Dolore eligendi fuga qui est doloribus amet. Eligendi aut amet odit quaerat odit. Praesentium alias est qui ratione provident mollitia dignissimos.', 0, '2018-08-13 03:31:16', '2018-08-13 03:31:16'),
(39, 46, 'Miss Sarina Kovacek', 'Et ipsam sint unde blanditiis et voluptatum. Quia minima commodi minima veniam quis ut ut. Est quia ipsum qui sed laudantium.', 3, '2018-08-13 03:31:16', '2018-08-13 03:31:16'),
(40, 35, 'Miss Beth Ferry', 'Quas dolorem ut placeat repudiandae qui est laudantium. Ex provident esse adipisci cupiditate a itaque sit. Tempora nobis perferendis delectus officia maiores consequatur rerum dolore.', 0, '2018-08-13 03:31:16', '2018-08-13 03:31:16'),
(41, 16, 'Trent Satterfield', 'Consequuntur suscipit velit a facilis atque non. Ipsa eveniet in fugiat dolor. Quia et aperiam aperiam ullam accusamus voluptas.', 3, '2018-08-13 03:31:16', '2018-08-13 03:31:16'),
(42, 8, 'Prof. Harrison Hayes III', 'Necessitatibus debitis illum velit porro. Culpa libero ducimus commodi temporibus est quam. Non officiis tempora sit recusandae.', 2, '2018-08-13 03:31:16', '2018-08-13 03:31:16'),
(43, 1, 'Louisa Turcotte', 'Officiis corrupti provident qui eum error vel magni. Velit eos doloribus quos eos modi. Non sit adipisci libero ut nam reprehenderit.', 1, '2018-08-13 03:31:16', '2018-08-13 03:31:16'),
(44, 35, 'Kelley Yost', 'Delectus a a sed officiis corrupti. Voluptas maxime non architecto culpa et. Corrupti quia suscipit est. Dolorem earum beatae soluta praesentium.', 4, '2018-08-13 03:31:16', '2018-08-13 03:31:16'),
(45, 26, 'Anabelle Eichmann MD', 'Labore illum eos id doloremque a quam. Consequatur nostrum dolor nobis nesciunt id sit. Incidunt tenetur inventore ut sed alias esse.', 4, '2018-08-13 03:31:16', '2018-08-13 03:31:16'),
(46, 21, 'Prof. Leann Schneider', 'Aut hic maxime optio deserunt earum quia numquam quia. Nobis expedita recusandae voluptatum fugiat. Mollitia in iusto eaque modi enim.', 2, '2018-08-13 03:31:16', '2018-08-13 03:31:16'),
(47, 19, 'Tony D\'Amore', 'Quis doloremque ratione quia facilis fugit. Fugit placeat asperiores impedit est quo. Sed consequuntur quia molestiae. Odit ea autem quis quia.', 5, '2018-08-13 03:31:16', '2018-08-13 03:31:16'),
(48, 17, 'Russ McDermott', 'Autem nulla molestias distinctio et ut totam earum. Ut ut voluptatem qui minima corporis. Est repellendus et doloribus vitae.', 5, '2018-08-13 03:31:16', '2018-08-13 03:31:16'),
(49, 44, 'Jarred Tillman PhD', 'Quo illo sit quia odio sunt dolorem voluptates. Non aspernatur voluptas assumenda est aut dolorem. Velit nam eveniet ad id rem quisquam.', 3, '2018-08-13 03:31:16', '2018-08-13 03:31:16'),
(50, 21, 'Katharina Yundt I', 'Eligendi perspiciatis labore excepturi aliquam deleniti nostrum et. Unde nisi est harum. Omnis consectetur dignissimos accusantium voluptatem consequatur. Rerum voluptate vitae doloremque suscipit laudantium.', 2, '2018-08-13 03:31:16', '2018-08-13 03:31:16'),
(51, 27, 'Prof. Lonny Heidenreich', 'Corporis impedit esse aperiam. Et officia repudiandae voluptatem qui. Omnis veritatis quam ex et debitis sequi labore.', 5, '2018-08-13 03:31:16', '2018-08-13 03:31:16'),
(52, 12, 'Dr. Vladimir Hill Jr.', 'Voluptatem vel libero non dolores debitis. Saepe id est sunt dolorem amet. Dolores quis veritatis voluptatem harum dolore.', 0, '2018-08-13 03:31:16', '2018-08-13 03:31:16'),
(53, 2, 'Maria Ritchie', 'Est est sed sed. Error aliquid sed qui nam eius tempore cumque sequi.', 2, '2018-08-13 03:31:16', '2018-08-13 03:31:16'),
(54, 42, 'Lupe Herman', 'Dolores enim sit voluptate nostrum. Debitis modi nihil vel vel. Atque non perferendis et eos eos eligendi earum.', 0, '2018-08-13 03:31:16', '2018-08-13 03:31:16'),
(55, 38, 'Abner O\'Kon', 'Dolorum eaque at sequi ipsa omnis minima necessitatibus. Animi et ea non distinctio aut.', 5, '2018-08-13 03:31:16', '2018-08-13 03:31:16'),
(56, 30, 'Adolf Green IV', 'Eum quasi animi accusantium voluptas. Delectus minus ipsam distinctio quis nam non. Voluptas et omnis ut repellat ea error. Quis error ut accusantium quia. Ut perferendis soluta ullam aut.', 5, '2018-08-13 03:31:16', '2018-08-13 03:31:16'),
(57, 34, 'Prof. Eloy Cummings', 'Sapiente odit harum odit debitis dignissimos aliquid. Assumenda dolor quo pariatur ex voluptas recusandae rerum. Perspiciatis magnam qui sed quia odit sit doloribus.', 1, '2018-08-13 03:31:16', '2018-08-13 03:31:16'),
(58, 4, 'Genesis Stroman', 'Neque in quasi deserunt sit aspernatur nesciunt sed. Provident possimus quia dolorem voluptas possimus molestiae. Voluptatem quasi minima omnis voluptates eaque dolorem culpa. Est quo blanditiis quia cupiditate.', 1, '2018-08-13 03:31:16', '2018-08-13 03:31:16'),
(59, 37, 'Ethan Hill', 'Suscipit qui aperiam aspernatur neque et. Neque fugit illum ea non harum. Sed rem non labore aperiam ut. Vitae suscipit officiis autem et quos.', 4, '2018-08-13 03:31:16', '2018-08-13 03:31:16'),
(60, 11, 'Jason Yundt', 'Est unde quis occaecati magnam illo. Laboriosam asperiores quae occaecati adipisci nulla sed ut veniam. Voluptates voluptatem aut aut dolor. Repellat vitae culpa ut sit explicabo quia. Cum ut sed aut itaque.', 3, '2018-08-13 03:31:16', '2018-08-13 03:31:16'),
(61, 15, 'Cedrick Kuvalis', 'Illo hic est pariatur corporis voluptatem et. Dignissimos et impedit sequi facilis. Commodi culpa sapiente ipsum repellendus adipisci et suscipit consectetur. Veritatis consequuntur eum sit omnis dolorum porro necessitatibus.', 2, '2018-08-13 03:31:16', '2018-08-13 03:31:16'),
(62, 20, 'Mallory Hand', 'Nisi ut qui sunt. Est voluptatem iure excepturi aut est vero earum aspernatur. Aut quis et earum minus accusantium voluptatum. Quam quo dolores dolorem ea dicta nisi temporibus. Quis mollitia natus accusamus quo dolorem velit optio.', 2, '2018-08-13 03:31:16', '2018-08-13 03:31:16'),
(63, 3, 'Lauren Metz', 'Et in quod magnam vel nisi fuga. Harum nam quis voluptas aut. Eos rerum accusantium ipsa qui explicabo ut quos. Reiciendis itaque corporis sit aperiam eius.', 2, '2018-08-13 03:31:16', '2018-08-13 03:31:16'),
(64, 46, 'Mr. Kyler Emard', 'Quos accusantium voluptatem ducimus laborum in. Voluptatum est et repellat debitis. Quis unde ab molestiae quam.', 3, '2018-08-13 03:31:16', '2018-08-13 03:31:16'),
(65, 36, 'Melba Hagenes', 'Quisquam accusantium fugit voluptate necessitatibus quas eum. Commodi placeat aliquam alias accusamus et. Ipsam perspiciatis dolore alias unde. Et omnis dolorem necessitatibus voluptatem et.', 3, '2018-08-13 03:31:16', '2018-08-13 03:31:16'),
(66, 3, 'Prof. Fredrick Hammes', 'Ut est vitae dolorum aut sed voluptas nihil. Quia molestias illum facilis vitae asperiores hic enim. Modi eaque at quia qui ipsum sint facere.', 1, '2018-08-13 03:31:16', '2018-08-13 03:31:16'),
(67, 15, 'Jade Spencer', 'Laboriosam a nisi voluptatem libero omnis quo saepe. Quo libero autem et in mollitia ad. Earum temporibus omnis eum minus.', 3, '2018-08-13 03:31:16', '2018-08-13 03:31:16'),
(68, 45, 'Dr. Eli Zboncak Sr.', 'Aut reiciendis quas velit dolor ut. Sunt omnis temporibus aspernatur. Voluptas quis atque voluptate nostrum.', 2, '2018-08-13 03:31:16', '2018-08-13 03:31:16'),
(69, 35, 'Ms. Juana Spencer', 'Vitae corporis voluptas est vel nihil. Sit reprehenderit asperiores voluptatem inventore consequatur dolor.', 1, '2018-08-13 03:31:16', '2018-08-13 03:31:16'),
(70, 28, 'Prof. Lorena Bruen MD', 'Quis qui velit a. Veniam ipsa ipsa fugit quae optio qui sed. Quisquam saepe quis omnis illo. Cumque ut animi harum qui itaque sint. Omnis maiores blanditiis est.', 3, '2018-08-13 03:31:16', '2018-08-13 03:31:16'),
(71, 43, 'Kenyatta Mann', 'Et quia ut non optio qui labore est. Ullam velit dolorem dolorem aut consequatur dolor occaecati. Aspernatur ipsum harum praesentium ad sit.', 5, '2018-08-13 03:31:16', '2018-08-13 03:31:16'),
(72, 37, 'Dayne Wyman', 'Iste incidunt id ea. Veniam accusamus accusamus rem iure tempora excepturi. Ullam non et similique.', 2, '2018-08-13 03:31:16', '2018-08-13 03:31:16'),
(73, 5, 'Godfrey Nikolaus', 'Ut ducimus eius itaque nihil mollitia qui voluptatem. Sunt delectus porro sed dolorem voluptas sit repellat. Inventore maxime nihil dolores ducimus eaque suscipit aspernatur magnam. Et facere necessitatibus et omnis labore est.', 1, '2018-08-13 03:31:16', '2018-08-13 03:31:16'),
(74, 8, 'Eliseo Dickens', 'Voluptate vitae nostrum voluptates. Est delectus eum modi dolor rem in facere est. Fugiat impedit magnam accusantium illo natus. Et quis iure non.', 4, '2018-08-13 03:31:16', '2018-08-13 03:31:16'),
(75, 28, 'Dr. Beth Gaylord V', 'Odio aliquam sed quis et. Dicta id repellendus sed sapiente delectus. Harum aliquam maiores voluptatem aut.', 4, '2018-08-13 03:31:16', '2018-08-13 03:31:16'),
(76, 30, 'Rahul Kreiger III', 'Sed molestias dignissimos officiis recusandae. Ab voluptatibus quos ab molestiae.', 1, '2018-08-13 03:31:16', '2018-08-13 03:31:16'),
(77, 30, 'Janiya Dare', 'Officiis eius saepe quia unde et. Maxime et sunt quos ut quis fuga officiis eos. Dignissimos minima aut voluptatibus dolorem neque eum.', 0, '2018-08-13 03:31:16', '2018-08-13 03:31:16'),
(78, 44, 'Julian Kertzmann', 'Maiores tempore laborum ab molestiae delectus vel nostrum. Sit repellendus nihil esse dolorum nesciunt dolorum. Maiores et voluptatem sit alias. Magni et minima exercitationem nam et ut autem molestiae.', 2, '2018-08-13 03:31:16', '2018-08-13 03:31:16'),
(79, 13, 'Cathy Ratke III', 'Et molestiae ut facere et. Qui ut reprehenderit mollitia iste dolor voluptas qui iure. Ullam amet neque deleniti nisi magnam nihil.', 4, '2018-08-13 03:31:16', '2018-08-13 03:31:16'),
(80, 24, 'Dr. Elian Lubowitz', 'Magnam magni ea soluta qui voluptates at aliquid. Excepturi sed quaerat officiis sint ipsa omnis. Omnis alias ratione corporis voluptatem aut ut nobis occaecati. Aspernatur cum tempore consequatur praesentium veritatis.', 0, '2018-08-13 03:31:16', '2018-08-13 03:31:16'),
(81, 23, 'Dr. Valentine Ankunding', 'Dolorum qui accusantium eum necessitatibus occaecati quibusdam voluptatum. Laboriosam quas ad tempora porro. Et consequatur blanditiis aliquid ex. Facilis nihil error vel dolor officiis voluptates deleniti. Ut id eligendi rerum dolores qui incidunt ullam a.', 1, '2018-08-13 03:31:16', '2018-08-13 03:31:16'),
(82, 1, 'Mattie Mitchell', 'Temporibus fugit dolores dignissimos cupiditate itaque. Cumque nam inventore quaerat quod nemo. Et voluptas quo voluptatem tempora laborum quasi impedit. Ut voluptatem incidunt eius unde quis laboriosam.', 5, '2018-08-13 03:31:16', '2018-08-13 03:31:16'),
(83, 29, 'Nestor Kemmer', 'Voluptas accusantium similique quia nihil sed nostrum. Soluta eligendi quam minus consectetur exercitationem. Rerum laboriosam architecto suscipit quo quo vero.', 3, '2018-08-13 03:31:17', '2018-08-13 03:31:17'),
(84, 39, 'Mr. Gardner Botsford', 'Magnam provident qui dolorem at. Sit voluptas at in porro illum facilis qui. Provident quis corporis autem non harum distinctio laborum. In cupiditate nulla maiores dolores.', 1, '2018-08-13 03:31:17', '2018-08-13 03:31:17'),
(85, 32, 'Moises Eichmann MD', 'Rem ducimus odit quis. Dolor animi eveniet et veritatis. Corporis iste porro recusandae dolorem nobis sint quas.', 1, '2018-08-13 03:31:17', '2018-08-13 03:31:17'),
(86, 9, 'Mrs. Katrine Goyette', 'Minima explicabo labore est aut. Repudiandae vel cumque velit nam. Quaerat dignissimos a quia blanditiis voluptatem impedit. Et fugiat quis provident distinctio et praesentium temporibus voluptatum.', 0, '2018-08-13 03:31:17', '2018-08-13 03:31:17'),
(87, 50, 'Blaise Kassulke', 'Cumque illum quo omnis unde reprehenderit debitis. Quas velit repudiandae non aperiam. Necessitatibus ut illo ut voluptas. Reiciendis et harum sed est quo non.', 1, '2018-08-13 03:31:17', '2018-08-13 03:31:17'),
(88, 18, 'Prof. Victor McClure', 'Qui corrupti dolorum qui et necessitatibus debitis. Voluptatum qui repudiandae nihil nemo necessitatibus sed nulla quas.', 0, '2018-08-13 03:31:17', '2018-08-13 03:31:17'),
(89, 1, 'Herman Hill', 'Voluptatem dolores incidunt aut eligendi ex ducimus. Est aliquid et labore velit voluptatum ipsum. Dolorem tempore expedita explicabo aut consequatur.', 5, '2018-08-13 03:31:17', '2018-08-13 03:31:17'),
(90, 26, 'Cristian Gutkowski', 'Soluta quae laborum saepe dolor sit. Sunt tempora quae similique non consequuntur quas ut. Quas cum quia nostrum quis culpa iste. Praesentium id magnam qui et sunt corporis et.', 0, '2018-08-13 03:31:17', '2018-08-13 03:31:17'),
(91, 43, 'Timothy Metz', 'Iste velit accusamus suscipit adipisci. Qui expedita optio placeat rerum quis aut libero. Veritatis quia repudiandae dignissimos autem nulla quis.', 0, '2018-08-13 03:31:17', '2018-08-13 03:31:17'),
(92, 46, 'Alexandrea Hermiston', 'Sapiente cumque aut libero. Quis officiis eos et praesentium quia. Ad impedit eaque aliquam quo cumque omnis. Omnis id veritatis omnis ut.', 3, '2018-08-13 03:31:17', '2018-08-13 03:31:17'),
(93, 2, 'Noemie Langosh III', 'Minima optio necessitatibus eaque est est sunt atque fuga. Ducimus pariatur quia sit architecto debitis. Doloremque cumque sunt voluptatem quas voluptates nobis vel.', 3, '2018-08-13 03:31:17', '2018-08-13 03:31:17'),
(94, 46, 'Teagan Yundt', 'Et qui sed amet magni delectus qui. Veritatis ullam consequatur molestiae sunt cumque delectus. Quis sequi voluptate ab et architecto.', 2, '2018-08-13 03:31:17', '2018-08-13 03:31:17'),
(95, 21, 'Jacques Mraz', 'Vitae beatae porro quo magni vitae. Exercitationem voluptatem facere odio ipsa et ab. Qui delectus mollitia nemo consectetur culpa molestiae. Natus eum dolore ea impedit voluptatum.', 0, '2018-08-13 03:31:17', '2018-08-13 03:31:17'),
(96, 35, 'Mylene Okuneva', 'Earum dolores qui dolorum sed eligendi temporibus recusandae. Quae excepturi in corrupti et nemo. Non sapiente incidunt non. Eius et alias consectetur. Quia ut ullam et nam aut magnam enim.', 4, '2018-08-13 03:31:17', '2018-08-13 03:31:17'),
(97, 6, 'Damian Feeney III', 'Magnam fugiat illum id. Voluptas quae in rerum qui qui dolor soluta.', 2, '2018-08-13 03:31:17', '2018-08-13 03:31:17'),
(98, 26, 'Dr. Retha Gaylord V', 'Tempore magni eum repellat debitis aut eum asperiores. Saepe eaque dolor dolor et veritatis. Sed aliquam laudantium suscipit.', 4, '2018-08-13 03:31:17', '2018-08-13 03:31:17'),
(99, 27, 'Georgiana Farrell Jr.', 'Qui eligendi eos voluptas molestiae. Voluptas sed nam a amet enim eum dolorum. Incidunt voluptas qui reiciendis.', 5, '2018-08-13 03:31:17', '2018-08-13 03:31:17'),
(100, 39, 'Petra Feil', 'Non est ea ea aut et. Adipisci et consectetur occaecati omnis et porro. Qui veniam optio tenetur ipsam vitae. In maxime rerum magnam.', 3, '2018-08-13 03:31:17', '2018-08-13 03:31:17'),
(101, 14, 'Woodrow Cormier DDS', 'Assumenda sapiente sed amet doloribus sed. Maiores vel odit dignissimos ab corporis. Voluptatem sed et id nesciunt voluptatem. Sit corporis cupiditate molestias omnis placeat maiores eum.', 2, '2018-08-13 03:31:17', '2018-08-13 03:31:17'),
(102, 10, 'Dulce Lynch', 'Tenetur consequuntur exercitationem ad modi nulla quae. Ex in recusandae non facere perferendis et quia. Vel eos incidunt rerum minus. Mollitia ducimus perspiciatis sit facere earum voluptas.', 0, '2018-08-13 03:31:17', '2018-08-13 03:31:17'),
(103, 25, 'Miss Edythe Funk', 'Illum placeat sunt quisquam dolorem odit est assumenda. Dolorum dicta tempore sed corrupti. Ut voluptas quis qui at rerum veniam nihil assumenda.', 2, '2018-08-13 03:31:17', '2018-08-13 03:31:17'),
(104, 31, 'Miss Sophie Schoen', 'Perferendis rerum maxime maxime perspiciatis quia autem. Eaque nobis ut omnis aut magnam voluptatem deserunt. Voluptas tempore consequatur iure dignissimos.', 3, '2018-08-13 03:31:17', '2018-08-13 03:31:17'),
(105, 37, 'Janessa Hyatt', 'Et et blanditiis est at ipsa corporis. Voluptas mollitia minus sed enim. Est non praesentium quisquam et a amet. Voluptate est officia ut voluptatem non perspiciatis. Illo eligendi maiores sit.', 5, '2018-08-13 03:31:17', '2018-08-13 03:31:17'),
(106, 44, 'Miss Mireille Ziemann Jr.', 'Et quia totam ut saepe cupiditate nihil ut. Perferendis qui distinctio dolorum et. Nemo molestiae ut incidunt et sequi eum.', 1, '2018-08-13 03:31:17', '2018-08-13 03:31:17'),
(107, 18, 'Isadore Feil', 'Quia est eos blanditiis adipisci doloremque voluptatem perferendis mollitia. Voluptate ab qui quidem est. Veniam possimus asperiores hic delectus quia libero laudantium. Sunt voluptatibus aut consequatur sed dolorum doloremque.', 1, '2018-08-13 03:31:17', '2018-08-13 03:31:17'),
(108, 20, 'Mayra Skiles', 'Soluta repellat quia ut et. Velit repellat qui sint optio recusandae.', 3, '2018-08-13 03:31:17', '2018-08-13 03:31:17'),
(109, 25, 'Jordane Doyle DVM', 'Deleniti consequatur exercitationem quod vero dignissimos. Consequatur ducimus eius enim in autem atque. Sunt rerum doloremque et aut earum nostrum. Sed quas illum consequatur eius sapiente magni autem.', 1, '2018-08-13 03:31:17', '2018-08-13 03:31:17'),
(110, 13, 'Michel Lind', 'Illo eos velit assumenda aut quae repudiandae. Qui odio ipsa aut totam corrupti sint repudiandae.', 4, '2018-08-13 03:31:17', '2018-08-13 03:31:17'),
(111, 30, 'Miss Lonie Breitenberg DDS', 'Dolores quis in et animi voluptate explicabo unde saepe. Autem rerum sunt recusandae eaque fugiat eum. Ut quis dicta voluptas sunt. Architecto quo quam est.', 1, '2018-08-13 03:31:17', '2018-08-13 03:31:17'),
(112, 5, 'Hans Wiegand', 'Neque deserunt tempore ab dolorum facilis. Assumenda sapiente facere natus omnis libero. Quia deserunt voluptatem est. Nesciunt at adipisci officiis error a.', 1, '2018-08-13 03:31:17', '2018-08-13 03:31:17'),
(113, 31, 'Miss Rosie Smitham', 'Voluptatem adipisci beatae eveniet tenetur doloremque possimus vitae. Dolor enim odio voluptate labore illum aut corporis. Porro rerum cupiditate id assumenda nam. Ipsum animi recusandae laborum exercitationem nam.', 4, '2018-08-13 03:31:17', '2018-08-13 03:31:17'),
(114, 44, 'Torrey Prohaska', 'Consequatur aut repudiandae exercitationem eum possimus. Sapiente provident qui et omnis quia modi. Consectetur distinctio praesentium doloribus a quod. Corporis perspiciatis dignissimos fugit quisquam accusamus unde et.', 1, '2018-08-13 03:31:17', '2018-08-13 03:31:17'),
(115, 28, 'Armani Hayes', 'Laborum libero eaque tempore dolorum. Atque magni rerum culpa voluptatum. Consequatur veniam quia aliquid odit non officia sit.', 0, '2018-08-13 03:31:17', '2018-08-13 03:31:17'),
(116, 48, 'Elroy McGlynn I', 'Aspernatur cupiditate quaerat vel amet dolores sed. Autem atque voluptatibus ex ratione et. Dolor ut tempore et ex doloremque a quis consequatur. Voluptas beatae rerum harum nemo velit totam.', 0, '2018-08-13 03:31:17', '2018-08-13 03:31:17'),
(117, 47, 'Ms. Hulda Sauer', 'Vitae dolorem est asperiores soluta esse doloribus dolor. Sunt quos non aspernatur numquam. Facere incidunt velit sapiente recusandae id fuga.', 4, '2018-08-13 03:31:17', '2018-08-13 03:31:17'),
(118, 13, 'Mr. Damien Wintheiser Sr.', 'Odio necessitatibus aut ex aut dolorem in. Non aliquam quis placeat quia. Commodi sequi id dolor accusantium libero.', 1, '2018-08-13 03:31:17', '2018-08-13 03:31:17'),
(119, 16, 'Dr. Randi Fay', 'Consequuntur ea quas consectetur et quia voluptatibus. In soluta rerum voluptatem quasi. Voluptatum occaecati sit qui dolorem sequi et. Nemo deleniti cumque ipsum molestiae id voluptatibus qui molestias.', 0, '2018-08-13 03:31:17', '2018-08-13 03:31:17'),
(120, 9, 'Berta Feeney', 'In velit repellat omnis vitae esse. Adipisci sit consequatur in et. Libero est omnis rerum est sed deserunt. Rem autem placeat rem inventore qui facere nisi.', 5, '2018-08-13 03:31:18', '2018-08-13 03:31:18'),
(121, 11, 'Alberto Lueilwitz', 'Explicabo eum occaecati suscipit sint eius in. Accusantium nam animi dolor maiores consequuntur. Aut autem ut molestias quo quidem occaecati. Alias exercitationem dolorem quis dolores dolor perferendis iusto.', 0, '2018-08-13 03:31:18', '2018-08-13 03:31:18'),
(122, 23, 'Judd Beatty', 'Omnis esse sed vel alias dolor qui expedita. Voluptatum odit repellendus eveniet.', 1, '2018-08-13 03:31:18', '2018-08-13 03:31:18'),
(123, 20, 'Bell Paucek I', 'Et et iste explicabo est necessitatibus. Eos accusamus quae possimus qui explicabo voluptas aut. Nihil quo nulla dicta magnam ut repudiandae.', 0, '2018-08-13 03:31:18', '2018-08-13 03:31:18'),
(124, 4, 'Dr. Elizabeth Wehner', 'Delectus cum quod nemo voluptates nihil blanditiis voluptas. Et molestiae atque iure. Perferendis molestiae eius vel sequi. Est consectetur eligendi nihil impedit quod sed ut.', 3, '2018-08-13 03:31:18', '2018-08-13 03:31:18'),
(125, 31, 'Prof. Marta Barrows III', 'Quasi autem inventore in culpa. Saepe nihil amet quidem rem non voluptas totam. Dolor vel ad possimus sunt aut.', 3, '2018-08-13 03:31:18', '2018-08-13 03:31:18'),
(126, 21, 'Miss Karianne Stokes', 'Ipsam nostrum adipisci sint earum quisquam quia. Placeat adipisci corrupti ea non. Ipsum dignissimos hic quis facere quibusdam repudiandae recusandae.', 0, '2018-08-13 03:31:18', '2018-08-13 03:31:18'),
(127, 11, 'Katrine Lueilwitz', 'Voluptates vel neque minus odio. Fugiat rerum autem aspernatur quis. Est id facilis omnis tempore. Tempora dicta odio corrupti eaque quia autem est.', 5, '2018-08-13 03:31:18', '2018-08-13 03:31:18'),
(128, 42, 'Shayna Abernathy', 'Qui voluptates ab impedit non cupiditate. Consequatur adipisci fuga illum sint. Qui modi tenetur ut ea placeat. Consectetur quasi exercitationem dolor incidunt sint maxime velit.', 4, '2018-08-13 03:31:18', '2018-08-13 03:31:18'),
(129, 34, 'Otilia Reinger', 'Culpa impedit quasi et id molestiae et odit. Est vel repellat cupiditate dolores eligendi qui voluptas. Aut repellat sit quae rerum aut alias reiciendis. Ipsam aut alias iste velit doloremque sunt totam.', 5, '2018-08-13 03:31:18', '2018-08-13 03:31:18'),
(130, 9, 'Prof. Bennie Nolan', 'Culpa consequatur quasi dolores. At maxime qui harum. Reiciendis aut quaerat ducimus corrupti nihil tempora doloremque nostrum. Aut culpa qui dicta eaque.', 3, '2018-08-13 03:31:18', '2018-08-13 03:31:18'),
(131, 45, 'Zelda Wolf', 'Laudantium fugiat possimus unde rerum quia. Fugiat in officiis reprehenderit repellat deserunt ea. Omnis quisquam molestiae architecto autem voluptate aspernatur fugiat.', 5, '2018-08-13 03:31:18', '2018-08-13 03:31:18'),
(132, 31, 'Joana Konopelski', 'Dolores rerum magnam eaque commodi omnis dignissimos enim. Recusandae et veritatis dolorem. Perspiciatis quia atque deserunt nostrum a.', 0, '2018-08-13 03:31:18', '2018-08-13 03:31:18'),
(133, 49, 'Fern Jacobi II', 'Nam ex aspernatur porro vero et ea inventore. Accusamus voluptatibus molestiae laboriosam eius. Perspiciatis voluptatibus voluptas odit quos. Cum dicta expedita rem deleniti ab et fugiat. Voluptatibus sed itaque itaque nihil odio quia optio beatae.', 0, '2018-08-13 03:31:18', '2018-08-13 03:31:18'),
(134, 42, 'Alisha Huels V', 'Commodi ab quia repudiandae. Tempore deserunt aperiam repudiandae repellendus repellendus incidunt. Harum exercitationem ea sed possimus.', 1, '2018-08-13 03:31:18', '2018-08-13 03:31:18'),
(135, 13, 'Mustafa Kunde I', 'Magni in libero dolorum blanditiis. Omnis laboriosam voluptas est accusamus. Ea aut itaque est sed.', 4, '2018-08-13 03:31:18', '2018-08-13 03:31:18'),
(136, 2, 'Tamia Howe', 'Velit enim sequi ab. Est pariatur non quia ea enim est quae. Et necessitatibus vel earum temporibus.', 1, '2018-08-13 03:31:18', '2018-08-13 03:31:18'),
(137, 13, 'Chelsie Huel', 'Fugiat eius quae dolor quod repellendus. Explicabo voluptatibus eos qui qui dolorum. Voluptatem saepe perspiciatis nemo perspiciatis itaque totam sunt. Voluptatem mollitia dolorem et qui quia et.', 5, '2018-08-13 03:31:18', '2018-08-13 03:31:18'),
(138, 31, 'Janet Hickle IV', 'Libero magnam dolores aut cumque est quam totam. Quasi et commodi fugit sit nostrum dolorum sed. Maxime omnis quos est ad.', 4, '2018-08-13 03:31:18', '2018-08-13 03:31:18'),
(139, 48, 'Mr. Jeffery Smith', 'Non sunt officiis ad nisi molestiae expedita dolore. Dolores praesentium vero ea et vel. Sint vero aut cumque consequuntur saepe praesentium sapiente.', 4, '2018-08-13 03:31:18', '2018-08-13 03:31:18'),
(140, 24, 'Dr. Merl Ullrich II', 'Voluptas magni dolorem iure illum. Ea repellat autem et quo aut laborum asperiores. Sit maiores dicta tenetur natus temporibus tenetur velit.', 5, '2018-08-13 03:31:18', '2018-08-13 03:31:18'),
(141, 28, 'Mrs. Velda Reilly II', 'Quasi laborum ex amet voluptatem magni non nulla debitis. Sit ea voluptatem rerum vero iste libero sed quaerat. Suscipit debitis sed nesciunt excepturi perferendis. Non distinctio et consequatur aperiam voluptatum autem.', 5, '2018-08-13 03:31:18', '2018-08-13 03:31:18'),
(142, 28, 'Rafael Wunsch MD', 'Corporis aliquam aliquid aspernatur voluptatum laboriosam. Voluptas consequuntur ex dignissimos nisi non qui omnis. Voluptate excepturi fuga voluptate sapiente omnis eum. Fuga voluptas aliquam quibusdam repudiandae ut quisquam. Doloremque blanditiis occaecati nesciunt est.', 4, '2018-08-13 03:31:18', '2018-08-13 03:31:18'),
(143, 17, 'Willow Witting', 'Aut debitis dicta impedit quam quia minima provident. Et voluptatibus eligendi ut aut. Reprehenderit et commodi maiores sunt. Sint perferendis architecto iste eos.', 4, '2018-08-13 03:31:18', '2018-08-13 03:31:18'),
(144, 24, 'Jeremie Bednar', 'Porro quia iusto quia. Vel consequatur et nam rerum ad id. Molestias veniam perspiciatis autem ut vel.', 3, '2018-08-13 03:31:18', '2018-08-13 03:31:18'),
(145, 15, 'Prof. Tia Lockman', 'Autem repellat labore perspiciatis tenetur omnis minus excepturi. Corrupti in corrupti nemo ducimus. Ut eaque molestiae facilis et.', 5, '2018-08-13 03:31:18', '2018-08-13 03:31:18'),
(146, 17, 'Kelley Waters', 'Aut aut et sit hic suscipit et. Excepturi non minima et mollitia commodi recusandae. Adipisci ut sint dignissimos numquam et ducimus. Dolores quasi eius odio quia accusamus.', 4, '2018-08-13 03:31:18', '2018-08-13 03:31:18'),
(147, 28, 'Marcellus Adams', 'Commodi nostrum veritatis fugiat voluptate. Accusantium delectus aut omnis assumenda enim magni. Accusamus id repellendus quisquam sed et. Odit fugit exercitationem rerum dolor amet.', 3, '2018-08-13 03:31:18', '2018-08-13 03:31:18'),
(148, 8, 'Mr. Fermin Flatley Jr.', 'Cupiditate fuga voluptas qui est quaerat aut eveniet. Odit voluptatibus consequatur dolorem omnis ipsa optio quos. Culpa facere explicabo qui aut quibusdam unde.', 2, '2018-08-13 03:31:18', '2018-08-13 03:31:18'),
(149, 37, 'Dr. Sammie Donnelly', 'Neque aperiam temporibus non. Quia distinctio voluptates et. Cum fuga voluptas quia sunt. Cum est velit odit quo ab et asperiores.', 1, '2018-08-13 03:31:18', '2018-08-13 03:31:18'),
(150, 16, 'Elmer Murphy', 'Suscipit veritatis repudiandae eligendi vitae. Eos rerum excepturi illum facere ipsa. Esse qui et et fuga. Magni tenetur et qui quis.', 5, '2018-08-13 03:31:18', '2018-08-13 03:31:18'),
(151, 26, 'Minnie Dietrich DVM', 'Impedit quisquam laudantium sed omnis. Enim recusandae reiciendis pariatur autem sit et harum. Nihil quis voluptatem eveniet nobis aliquid exercitationem.', 0, '2018-08-13 03:31:18', '2018-08-13 03:31:18'),
(152, 30, 'Dr. Nicklaus Rolfson DVM', 'Quia facere rerum sequi qui cupiditate. Autem culpa illum enim.', 5, '2018-08-13 03:31:18', '2018-08-13 03:31:18'),
(153, 12, 'Kayley Gusikowski', 'In aut recusandae ullam consectetur eveniet enim voluptatem. Et explicabo tempora illo fugiat. Ut eaque consequatur iusto autem. Nesciunt harum vitae quia possimus nulla enim. Maxime est aut ipsam minima sapiente.', 3, '2018-08-13 03:31:18', '2018-08-13 03:31:18'),
(154, 16, 'Paula Doyle', 'Earum officia quidem impedit maxime. Excepturi rerum qui maxime ex. Et voluptas ratione velit necessitatibus aperiam ut. Vero magni qui eum et et voluptas. Dolore ut inventore nihil suscipit sapiente.', 5, '2018-08-13 03:31:18', '2018-08-13 03:31:18'),
(155, 26, 'Vena Block', 'Ut ut ad expedita voluptatum. Omnis quos reiciendis aspernatur expedita deleniti deleniti. Dolor qui dignissimos tenetur itaque pariatur est ut. Tenetur vitae possimus inventore.', 0, '2018-08-13 03:31:18', '2018-08-13 03:31:18'),
(156, 29, 'Alberto Ebert', 'Occaecati asperiores quas nam aut architecto. Eos eligendi vel praesentium ut. Voluptatem consectetur sit nemo nesciunt voluptatem.', 1, '2018-08-13 03:31:18', '2018-08-13 03:31:18'),
(157, 13, 'Reyna Schumm', 'Ut explicabo libero quod odit eveniet voluptate natus. Dolorem est quae numquam enim accusantium rem. In neque laboriosam est. Voluptate reiciendis ut ducimus esse.', 2, '2018-08-13 03:31:18', '2018-08-13 03:31:18'),
(158, 8, 'Mrs. Amira Hoeger II', 'Ut dignissimos at a voluptatem. Maxime illo alias illo rerum voluptate vel dolorem vero. Amet dolorem dolorem ut qui et ipsa velit. Pariatur iure quasi qui.', 3, '2018-08-13 03:31:18', '2018-08-13 03:31:18'),
(159, 33, 'Oliver Schumm', 'Et est dicta similique quidem. Eveniet nostrum rerum placeat quo nisi. Ipsa ut odit cum nobis qui assumenda. Eos cupiditate ea molestiae sapiente itaque. Omnis incidunt molestiae quisquam quo ut recusandae fuga.', 3, '2018-08-13 03:31:18', '2018-08-13 03:31:18'),
(160, 8, 'Prof. Leonora McGlynn', 'Laudantium adipisci dolores doloribus deleniti aut modi beatae. Quidem dolores quibusdam quae repudiandae quo. Quidem quasi dignissimos animi nihil ab.', 1, '2018-08-13 03:31:18', '2018-08-13 03:31:18'),
(161, 28, 'Jacques Grimes', 'Animi cum minima et omnis. Facilis similique voluptatem et ipsam odit. Et rerum voluptatem consequuntur enim velit. Et est quasi velit.', 1, '2018-08-13 03:31:18', '2018-08-13 03:31:18'),
(162, 48, 'Rene Ratke', 'Aut laudantium ut eos maiores. Ratione voluptatibus rem iusto rerum eligendi eveniet quis. Eaque ipsa nihil sapiente ex officiis. Voluptas voluptatem in enim voluptatem. Est velit magni quidem minima consequatur sunt veritatis id.', 1, '2018-08-13 03:31:18', '2018-08-13 03:31:18'),
(163, 48, 'Oren Mante', 'Dolores voluptatem rerum vitae error vel. Eos officiis et incidunt nesciunt et. Laboriosam earum est et neque placeat. Placeat numquam eligendi iure omnis quis.', 1, '2018-08-13 03:31:18', '2018-08-13 03:31:18'),
(164, 21, 'Mr. Bartholome Wisozk I', 'Omnis veniam autem nostrum necessitatibus. Enim ut nesciunt mollitia ipsa quia et.', 2, '2018-08-13 03:31:19', '2018-08-13 03:31:19'),
(165, 31, 'Mr. Kacey Rowe', 'Dolore amet maiores aut mollitia doloribus qui. Est mollitia explicabo asperiores consectetur maiores aliquid ducimus unde.', 1, '2018-08-13 03:31:19', '2018-08-13 03:31:19'),
(166, 16, 'Laura Hill III', 'Amet odio explicabo voluptas possimus cumque consequuntur. Soluta voluptatem deleniti beatae quisquam accusamus ut. Dolore ut adipisci quia libero aut.', 0, '2018-08-13 03:31:19', '2018-08-13 03:31:19'),
(167, 10, 'Donnell Runolfsdottir', 'Vel exercitationem in ad voluptas. Recusandae debitis eum eos. Reprehenderit ut labore quod nemo repellendus nostrum doloremque.', 4, '2018-08-13 03:31:19', '2018-08-13 03:31:19'),
(168, 21, 'Mrs. Nyah Thompson DDS', 'Sed voluptas dolorem repudiandae quis praesentium perspiciatis. Ea consequatur quis illo. Libero placeat eaque perspiciatis ea. Excepturi enim eaque eos alias quam quia quidem dolorem.', 3, '2018-08-13 03:31:19', '2018-08-13 03:31:19'),
(169, 49, 'Seth Howell', 'Omnis voluptas sint quam. Debitis ipsam qui quasi ratione enim. Magnam officiis et adipisci officiis. Voluptas in quod possimus minus.', 0, '2018-08-13 03:31:19', '2018-08-13 03:31:19'),
(170, 44, 'Dameon Buckridge', 'Qui in autem quasi corrupti nisi. Commodi alias dolorem blanditiis. Neque delectus quia dolorem. Qui ullam eum saepe excepturi recusandae.', 2, '2018-08-13 03:31:19', '2018-08-13 03:31:19'),
(171, 13, 'Dr. Darby Gutkowski IV', 'Ullam labore deserunt laboriosam consectetur. Illo quia praesentium qui beatae voluptas perspiciatis explicabo. Et esse dolor pariatur consequuntur aut quia et.', 5, '2018-08-13 03:31:19', '2018-08-13 03:31:19'),
(172, 26, 'Zechariah Sauer', 'Non omnis enim quaerat omnis. Sit velit totam eos.', 3, '2018-08-13 03:31:19', '2018-08-13 03:31:19'),
(173, 15, 'Mr. Benny Crooks Sr.', 'Sint voluptates laboriosam iure deleniti doloribus velit. Ut qui voluptas est et. Quos optio animi consequatur dolorem. Aliquid quia facilis tenetur magni ipsa voluptate voluptatum.', 1, '2018-08-13 03:31:19', '2018-08-13 03:31:19'),
(174, 21, 'Mr. Cristian Braun', 'Eaque excepturi ab omnis rerum. Nulla consequatur enim qui aut dolores eaque. Voluptatibus ut neque eum veniam laudantium rerum.', 3, '2018-08-13 03:31:19', '2018-08-13 03:31:19'),
(175, 28, 'Mr. Dino O\'Keefe I', 'Ab recusandae et aut temporibus occaecati eum maxime. Aut in ut officia maiores consequuntur sapiente. Sit laborum consequatur maiores facere aut est odio. Commodi eum dicta autem omnis veniam.', 4, '2018-08-13 03:31:19', '2018-08-13 03:31:19'),
(176, 43, 'Lizzie Davis', 'Quisquam qui temporibus animi delectus impedit doloremque. Omnis ipsum hic magni. Ad quod aliquam in autem laudantium neque iure.', 3, '2018-08-13 03:31:19', '2018-08-13 03:31:19'),
(177, 20, 'Prof. Sage Moore IV', 'Tenetur et sint maxime perspiciatis optio deleniti doloremque illo. Id nihil amet temporibus qui laudantium. Veniam quam tempore cumque beatae. Doloribus voluptates quisquam aut ea.', 5, '2018-08-13 03:31:19', '2018-08-13 03:31:19'),
(178, 27, 'Pearline Hauck', 'Eligendi eum eaque delectus laboriosam. Cumque quaerat omnis reiciendis ea ducimus. Odio animi iusto est eos vero. Porro enim alias provident cum consequatur facere. Soluta sed in alias quam ullam.', 2, '2018-08-13 03:31:19', '2018-08-13 03:31:19'),
(179, 39, 'Prof. Ludwig Tromp I', 'Ea ipsam maxime explicabo enim totam enim. Dolorem rerum est pariatur. Voluptas non rem non soluta odit unde maxime. Aut quod amet id esse.', 5, '2018-08-13 03:31:19', '2018-08-13 03:31:19'),
(180, 33, 'Eudora Borer', 'Ullam voluptas eveniet ex dolores sunt odio dolorem earum. Debitis itaque commodi architecto dolorem aut repudiandae ea. Voluptatem deserunt eos laborum nulla est quod at.', 0, '2018-08-13 03:31:19', '2018-08-13 03:31:19'),
(181, 19, 'Norval Wolf III', 'Quis molestiae et autem voluptate in maiores sunt. Minus qui est vitae dicta delectus inventore sapiente. Voluptate laudantium recusandae corporis dolorum corporis quasi voluptas.', 0, '2018-08-13 03:31:19', '2018-08-13 03:31:19'),
(182, 9, 'Dr. Marisol Kuphal', 'Ea quibusdam sit repellat velit. Tempora exercitationem distinctio ab. Nihil occaecati quidem similique veniam porro provident.', 5, '2018-08-13 03:31:19', '2018-08-13 03:31:19'),
(183, 40, 'Marc Smitham', 'Rem sequi quae harum. Sed numquam iste eos molestiae dolores. Incidunt aut quia voluptate provident sapiente.', 5, '2018-08-13 03:31:19', '2018-08-13 03:31:19'),
(184, 10, 'Jorge Feeney', 'Doloremque voluptas recusandae aliquam. Delectus mollitia repudiandae facere ea ea quas. Odit accusantium praesentium magni eos. Fugiat et commodi eum architecto quasi.', 0, '2018-08-13 03:31:19', '2018-08-13 03:31:19'),
(185, 37, 'Dr. Mitchel Veum', 'Voluptatem sit voluptas aut in nulla illo quis. Hic sequi qui sed. Dignissimos eaque aut repellat iusto unde aut iusto tempore. Repellendus fuga fugit reiciendis.', 2, '2018-08-13 03:31:19', '2018-08-13 03:31:19'),
(186, 20, 'Erik Beatty PhD', 'Autem laudantium omnis quisquam quis molestiae earum similique ullam. Cumque sint animi a. Veritatis inventore sint inventore velit eaque eaque omnis.', 4, '2018-08-13 03:31:19', '2018-08-13 03:31:19'),
(187, 8, 'Damien Braun', 'Maxime asperiores quia quod praesentium. Voluptas repudiandae et eligendi ea eligendi rerum velit architecto. Nisi aliquid aspernatur ex assumenda aspernatur nesciunt quam nam. Ipsa natus quasi voluptate.', 4, '2018-08-13 03:31:19', '2018-08-13 03:31:19'),
(188, 19, 'Dr. Rickie Schulist I', 'Accusamus doloremque perferendis eos dolorum tempore numquam aut. Consectetur aut totam quia optio qui. Nostrum illo et blanditiis.', 0, '2018-08-13 03:31:19', '2018-08-13 03:31:19'),
(189, 14, 'Mr. Abe Rath IV', 'Non odit voluptates sequi et nemo voluptatem qui. Rerum odit necessitatibus illo veniam. Fugiat reprehenderit quae nostrum nihil laboriosam facere.', 5, '2018-08-13 03:31:19', '2018-08-13 03:31:19'),
(190, 21, 'Vada Kohler', 'Praesentium officia quia cum sequi fugiat accusamus. Nesciunt excepturi voluptate ex nihil dolores. Ipsa laudantium eum quisquam suscipit est velit aut.', 2, '2018-08-13 03:31:19', '2018-08-13 03:31:19'),
(191, 34, 'Dr. Orval Bayer Jr.', 'Libero sit incidunt modi unde. Fuga quisquam id vel qui laudantium sint. Odit id fugit delectus earum facilis. Nihil explicabo laborum sunt iure a itaque repellendus.', 0, '2018-08-13 03:31:19', '2018-08-13 03:31:19'),
(192, 9, 'Evelyn Gusikowski', 'Nesciunt corrupti placeat culpa voluptate. Eius officia et quibusdam architecto adipisci placeat neque. Consequatur similique id suscipit saepe eum nesciunt porro dolore. Et illum sed quo amet animi optio quidem.', 0, '2018-08-13 03:31:19', '2018-08-13 03:31:19'),
(193, 26, 'Letitia Harvey', 'Veritatis quia vitae consequatur corrupti nam. Architecto sit ut aliquid neque eum porro. Accusantium sit consequuntur adipisci.', 3, '2018-08-13 03:31:19', '2018-08-13 03:31:19'),
(194, 31, 'Yasmeen Senger I', 'Reiciendis expedita vel corrupti. Quia reiciendis id ut voluptatem doloremque autem mollitia. Eos veniam molestiae doloribus libero tenetur qui. Dolorem vel dignissimos atque cupiditate laboriosam ut voluptatibus.', 3, '2018-08-13 03:31:19', '2018-08-13 03:31:19'),
(195, 47, 'Mrs. Sincere Cormier Jr.', 'Velit consequatur qui voluptas eligendi nihil illum cum. Est omnis dolore porro tempora quo. Molestiae sunt modi error placeat. A ipsum sequi qui asperiores fugit.', 3, '2018-08-13 03:31:19', '2018-08-13 03:31:19'),
(196, 25, 'Karley Rau MD', 'Deleniti quo repellat laudantium fuga delectus. Cum at minima est qui occaecati excepturi laudantium. Nisi molestias reprehenderit iusto qui. Totam suscipit culpa qui eligendi amet aliquam aut. Magnam aperiam sint at qui expedita consequatur dicta.', 2, '2018-08-13 03:31:19', '2018-08-13 03:31:19'),
(197, 6, 'Asia Von', 'Vitae autem nam saepe quo totam eos. Sequi velit voluptatem vel autem consequuntur illo.', 4, '2018-08-13 03:31:19', '2018-08-13 03:31:19'),
(198, 20, 'Ms. Hassie Reichel MD', 'Nihil laudantium illum totam reiciendis non libero. Libero quod quos ullam modi delectus laudantium.', 3, '2018-08-13 03:31:19', '2018-08-13 03:31:19'),
(199, 25, 'Chesley Maggio IV', 'Ducimus quia dolor nesciunt veniam voluptatem et numquam. Earum quidem velit vel. Unde est non et laborum facilis.', 0, '2018-08-13 03:31:19', '2018-08-13 03:31:19'),
(200, 11, 'Carmine Hegmann', 'Sit ut saepe quia. Quasi et voluptatem accusamus nam soluta et nobis. Id nisi totam non rerum. Expedita sunt consequatur quas earum. Ad assumenda eius rerum aut aut distinctio ea.', 0, '2018-08-13 03:31:19', '2018-08-13 03:31:19'),
(201, 19, 'Prof. Haskell Rolfson', 'Voluptatem debitis quaerat modi deserunt iste laborum. Et explicabo accusantium nostrum mollitia. Adipisci ea quasi praesentium quia cupiditate hic. Dolore cumque inventore alias perferendis quasi aut. Et aspernatur et fugiat repudiandae voluptas tempora provident.', 1, '2018-08-13 03:31:19', '2018-08-13 03:31:19'),
(202, 15, 'Bernadine White', 'Est aperiam doloremque alias quia. Rerum vero distinctio voluptatibus fuga et facilis. Velit hic quos amet aspernatur nam soluta dolor.', 2, '2018-08-13 03:31:19', '2018-08-13 03:31:19'),
(203, 17, 'Mekhi Nolan', 'Officiis impedit eligendi qui sint. Rerum ab sequi quas delectus eos. Itaque natus quisquam asperiores aut ipsam.', 4, '2018-08-13 03:31:19', '2018-08-13 03:31:19'),
(204, 45, 'Christian Feil', 'Dolorem at voluptatem et ea earum nobis. Possimus saepe repellat quis autem quia corporis nihil. Voluptatibus repellendus aliquam maiores est est fugiat velit tempora. Voluptatum et nisi aliquid cum ipsam quas.', 0, '2018-08-13 03:31:19', '2018-08-13 03:31:19'),
(205, 26, 'Allen Satterfield', 'Aspernatur aut quisquam ut quia est maxime laudantium. Porro esse odit in. Odio assumenda eius enim et quaerat mollitia architecto. Aut minus autem quasi.', 3, '2018-08-13 03:31:19', '2018-08-13 03:31:19'),
(206, 24, 'Dr. Austin Schmidt', 'Aut recusandae qui pariatur. Labore sed et sit fuga.', 3, '2018-08-13 03:31:19', '2018-08-13 03:31:19'),
(207, 38, 'Robb West', 'Debitis rem nobis voluptas vel rerum. Dolorem rerum sequi ut suscipit harum culpa ut. Est animi et et nam nemo qui.', 1, '2018-08-13 03:31:19', '2018-08-13 03:31:19'),
(208, 47, 'Dr. Gust Bernhard MD', 'Rem sunt maxime alias nesciunt quasi sint. Omnis placeat quibusdam assumenda dolorum. Nobis est nostrum eligendi occaecati autem minima nam.', 5, '2018-08-13 03:31:19', '2018-08-13 03:31:19'),
(209, 32, 'Dr. Florence Swift', 'Eum at est quis. Aspernatur dolores quod reprehenderit quam totam. Velit et architecto vel dolore itaque.', 2, '2018-08-13 03:31:19', '2018-08-13 03:31:19'),
(210, 42, 'Kaylin O\'Connell', 'Aspernatur odit velit at. Laboriosam consequuntur vero velit sit ut.', 3, '2018-08-13 03:31:19', '2018-08-13 03:31:19'),
(211, 13, 'Alia Veum DDS', 'Consequatur alias esse aliquid sit et quis cupiditate. Odit quia voluptas qui qui sit rerum. Quia consequatur eum quia temporibus. Dolorem asperiores numquam est earum vero voluptas ea quia.', 0, '2018-08-13 03:31:19', '2018-08-13 03:31:19'),
(212, 49, 'Prof. Jordy Emard', 'Accusamus laudantium rerum enim iure atque consequatur. Corporis consequatur saepe facilis et ut laudantium. Minus soluta rerum cupiditate hic.', 3, '2018-08-13 03:31:19', '2018-08-13 03:31:19'),
(213, 26, 'Millie Kirlin', 'Minima eos sed aut facilis ut. Non pariatur reiciendis culpa dicta minima est voluptatem. Modi eaque sed vero delectus culpa quam.', 4, '2018-08-13 03:31:19', '2018-08-13 03:31:19');
INSERT INTO `reviews` (`id`, `product_id`, `customer`, `review`, `star`, `created_at`, `updated_at`) VALUES
(214, 36, 'Herbert Bayer', 'Voluptas vero vero omnis ab id eius unde. Sed laudantium similique et quod est facilis. Et rerum est eum qui sint omnis ea ab. Quis natus occaecati aliquid et necessitatibus dolorem amet nihil.', 3, '2018-08-13 03:31:19', '2018-08-13 03:31:19'),
(215, 37, 'Maud Lueilwitz', 'Consequatur iure minus dolorum est at doloremque. Sit cum quo nemo blanditiis ut porro et reiciendis. Qui quam architecto sint sit. Possimus dolorem ut minima iusto sint veritatis id voluptates.', 5, '2018-08-13 03:31:19', '2018-08-13 03:31:19'),
(216, 46, 'Lilla Schaefer PhD', 'Non ea aspernatur cum quam exercitationem enim rerum. Aliquid tempora molestiae et libero fugit et. Dignissimos aut hic deserunt.', 4, '2018-08-13 03:31:19', '2018-08-13 03:31:19'),
(217, 23, 'Prof. Christy Breitenberg', 'Ducimus aut beatae temporibus similique. Quo sed magni quasi earum occaecati illum mollitia. Sunt aperiam quaerat eos qui soluta. Officia et perspiciatis dicta veniam.', 5, '2018-08-13 03:31:19', '2018-08-13 03:31:19'),
(218, 35, 'Dr. Berenice Reynolds', 'Tempore doloremque distinctio dolore et deleniti voluptas voluptatum. Quia facilis aut facilis et at vel iure omnis. Quibusdam aut commodi at quis omnis commodi dignissimos. Quasi ea est laudantium porro repudiandae.', 1, '2018-08-13 03:31:19', '2018-08-13 03:31:19'),
(219, 2, 'Kayli Kautzer', 'Doloremque similique et ipsum enim doloribus vel laborum. Dolor dolor necessitatibus ab error. Quia et mollitia error culpa.', 4, '2018-08-13 03:31:19', '2018-08-13 03:31:19'),
(220, 1, 'Dr. Maymie Gleason DDS', 'Dolorem ut tempore in nihil placeat rem ea. Distinctio nihil vitae enim eveniet cupiditate maiores. Neque quod et quae voluptates consequatur dolores.', 4, '2018-08-13 03:31:19', '2018-08-13 03:31:19'),
(221, 16, 'Dr. Carol Douglas III', 'Ipsam fugit a quos vel iure dolorum ullam. Nobis et iste consequuntur non odit. Ut dolor sunt alias velit qui. Accusamus praesentium similique sint alias in adipisci quis.', 2, '2018-08-13 03:31:20', '2018-08-13 03:31:20'),
(222, 43, 'Joel Bradtke', 'Non et asperiores voluptas enim fugiat sed et. Possimus et est autem voluptatem. Debitis unde doloribus quisquam illum. Ut occaecati esse nesciunt tempora quod.', 1, '2018-08-13 03:31:20', '2018-08-13 03:31:20'),
(223, 2, 'Noemi Bode IV', 'Vel modi perspiciatis temporibus aliquam odio est molestias odio. Deleniti nemo sed minus nihil. Minima est facere et. Repudiandae sapiente alias at molestiae iusto voluptatem voluptas.', 0, '2018-08-13 03:31:20', '2018-08-13 03:31:20'),
(224, 25, 'Miss Zaria Shields', 'Quidem possimus ut ut placeat ea aperiam. Animi consequatur nemo aut aut voluptate voluptatum sint. Nobis veritatis ad fugit est. Qui dolores fugit hic est.', 1, '2018-08-13 03:31:20', '2018-08-13 03:31:20'),
(225, 8, 'Rey Tillman', 'Perferendis unde laudantium omnis porro. Quo molestiae aut et in tenetur aut nihil. Id eveniet natus voluptatem cumque cum temporibus. Sunt voluptas veritatis et nemo et dignissimos quaerat.', 4, '2018-08-13 03:31:20', '2018-08-13 03:31:20'),
(226, 42, 'Dr. Cesar Hammes I', 'Dignissimos dolorum repellat vel vero molestias et. Placeat dolor perferendis accusamus autem maiores in est. Qui adipisci nihil voluptates ad adipisci debitis.', 0, '2018-08-13 03:31:20', '2018-08-13 03:31:20'),
(227, 29, 'Vernice Buckridge', 'Perferendis facilis sed iure culpa maiores. Eos sit eaque laborum ducimus. Nulla temporibus nostrum voluptates veniam iste ratione qui. Quis in error aut hic soluta.', 0, '2018-08-13 03:31:20', '2018-08-13 03:31:20'),
(228, 23, 'Jarrett Sauer Jr.', 'Eum autem enim dolorem ad eaque quo consequuntur. Quis recusandae aut et aut omnis impedit est. Sit voluptatem id ullam qui voluptatibus dicta. Eos ab architecto rerum facilis repellendus non. Est ut et et id quia.', 5, '2018-08-13 03:31:20', '2018-08-13 03:31:20'),
(229, 31, 'Kathleen Barrows', 'Enim et laborum nihil fugit est eos. Modi voluptatem velit in similique nemo odio fugit vero. Est vel sed suscipit aut enim tenetur iure. Sequi et officiis a eveniet. Sint consequatur suscipit amet maxime molestiae sed.', 3, '2018-08-13 03:31:20', '2018-08-13 03:31:20'),
(230, 34, 'Austyn Beatty', 'Quisquam eum explicabo omnis laboriosam laborum illo aut. Labore cupiditate autem mollitia facilis adipisci. Quis minus quis veritatis consequuntur asperiores quae assumenda. Sequi laboriosam soluta consectetur. Corporis qui repellat atque.', 1, '2018-08-13 03:31:20', '2018-08-13 03:31:20'),
(231, 27, 'Lilliana Rolfson', 'Deserunt deleniti debitis consequuntur aut totam consequatur quia. Voluptatem cupiditate voluptas perferendis aut iste aliquid alias. Consequatur unde esse eos consequatur qui ipsum eos ut.', 4, '2018-08-13 03:31:20', '2018-08-13 03:31:20'),
(232, 10, 'Dax Wolff', 'Rerum dolor perspiciatis eaque harum. Sed dolorum voluptatum vel voluptatem. Placeat qui consequatur sit eveniet saepe repudiandae pariatur amet. Accusantium quia quos exercitationem debitis quae.', 4, '2018-08-13 03:31:20', '2018-08-13 03:31:20'),
(233, 24, 'Enoch Bernhard', 'Quo at architecto ea ratione. Dicta ea dolor nemo veniam vel. Atque similique modi omnis sed in. Totam quaerat quo tempore quia.', 2, '2018-08-13 03:31:20', '2018-08-13 03:31:20'),
(234, 3, 'Elvera Schaefer', 'Doloribus rem laudantium explicabo eius molestiae nesciunt. Quidem eius illum ut voluptas ut animi fugiat est. Voluptatem labore similique magnam et dolores dolores. Odio necessitatibus odit quod reprehenderit harum eius.', 0, '2018-08-13 03:31:20', '2018-08-13 03:31:20'),
(235, 38, 'Hilton Maggio', 'Eos doloribus commodi est et. Natus aut maxime illo. Nobis dicta velit mollitia earum.', 2, '2018-08-13 03:31:20', '2018-08-13 03:31:20'),
(236, 34, 'Sydnee Schoen', 'Alias quis nam dolores maxime quo dolores est. Voluptas earum consequatur quod quia. Et voluptatum libero amet commodi et aut. Accusamus rerum corrupti et et facere. Enim voluptatem quia et et magnam doloribus.', 1, '2018-08-13 03:31:20', '2018-08-13 03:31:20'),
(237, 27, 'Fiona Greenfelder', 'In beatae laborum doloribus ipsum laudantium accusamus. Voluptatem incidunt ut tenetur necessitatibus exercitationem. Aperiam sapiente dolores eos aut velit modi harum. Omnis dignissimos et omnis quas.', 2, '2018-08-13 03:31:20', '2018-08-13 03:31:20'),
(238, 27, 'Prof. Lonnie Satterfield I', 'Optio nobis vitae repellendus sint libero ullam. Dolor vel veniam doloremque maxime eos eos nobis. Omnis suscipit vel consequatur. Et laborum alias ut qui ratione veritatis natus.', 3, '2018-08-13 03:31:20', '2018-08-13 03:31:20'),
(239, 40, 'Prof. Berry Keebler', 'Labore quibusdam nemo officiis sed id. Quisquam eligendi provident saepe est iure.', 5, '2018-08-13 03:31:20', '2018-08-13 03:31:20'),
(240, 26, 'Prof. Arden Yost II', 'Omnis voluptatum dolor iusto voluptates iste. Aspernatur quod alias nemo pariatur voluptatem. Tempora ut enim ut nisi dolorem voluptatem vitae. Modi voluptas totam aliquid non natus praesentium est.', 3, '2018-08-13 03:31:20', '2018-08-13 03:31:20'),
(241, 29, 'Mikayla Jacobson', 'Explicabo et numquam repellat ipsum rem impedit magnam. Omnis velit id autem voluptates est ut. Illum laboriosam quia debitis et quia voluptas voluptas. Et ex tenetur sed dolorem autem.', 3, '2018-08-13 03:31:20', '2018-08-13 03:31:20'),
(242, 15, 'Bonnie Labadie V', 'Possimus sit quae quae minima. Eum praesentium enim et veritatis rerum et sit. Natus quaerat tempore error et et. Enim quis dolore vero temporibus aut error rerum.', 0, '2018-08-13 03:31:20', '2018-08-13 03:31:20'),
(243, 20, 'Summer Grady', 'Quisquam sequi beatae rerum esse et omnis dolores. Architecto dolores reprehenderit repellendus illum. Aut repellendus voluptate sed quis perspiciatis earum pariatur omnis.', 4, '2018-08-13 03:31:20', '2018-08-13 03:31:20'),
(244, 38, 'Mr. Thurman Lueilwitz DDS', 'Dolor non mollitia quam et. Ratione in quo non tempora veniam aspernatur commodi distinctio. Laudantium nulla officia omnis doloremque libero excepturi sed.', 5, '2018-08-13 03:31:20', '2018-08-13 03:31:20'),
(245, 31, 'Llewellyn Lockman', 'Deserunt reprehenderit occaecati eaque qui odio tempora ea. Non sequi officia non sed debitis aliquid ut. Quod non eaque repellat voluptates. Et placeat voluptates alias nam laboriosam quia possimus.', 1, '2018-08-13 03:31:20', '2018-08-13 03:31:20'),
(246, 18, 'Nyasia Wisozk', 'At quisquam ut ducimus recusandae occaecati necessitatibus omnis. Quia cupiditate sunt sint blanditiis. Asperiores inventore aut vitae sunt tempore repellendus.', 2, '2018-08-13 03:31:20', '2018-08-13 03:31:20'),
(247, 49, 'Jayden Becker', 'Autem esse voluptatum harum quis sequi distinctio. Minus saepe velit labore eius eum quidem aspernatur. Quis consequatur suscipit nesciunt et necessitatibus veritatis. Numquam doloremque dolor odit placeat.', 0, '2018-08-13 03:31:20', '2018-08-13 03:31:20'),
(248, 7, 'Jaunita Stroman', 'Accusantium rerum necessitatibus nemo nihil dignissimos qui non voluptatem. Ipsum quia suscipit id aut et aut. Quod possimus reiciendis voluptatem nisi.', 4, '2018-08-13 03:31:20', '2018-08-13 03:31:20'),
(249, 10, 'Terrell Torphy V', 'Nam quas vel itaque nihil. Est provident cumque veniam exercitationem. Est sunt odit ea omnis dolore laudantium ut.', 4, '2018-08-13 03:31:20', '2018-08-13 03:31:20'),
(250, 10, 'Mozelle Hammes', 'Qui facere sit libero amet itaque. Ipsam libero beatae et et voluptates. Recusandae possimus voluptatem et impedit asperiores. Aliquid tempora sit totam non.', 0, '2018-08-13 03:31:20', '2018-08-13 03:31:20'),
(251, 38, 'Jaycee Schinner', 'Sed fugit vero amet expedita delectus aut id amet. Nostrum non impedit suscipit hic est. Laboriosam atque ut doloremque at accusantium. Quis consequatur harum sint ipsa. Qui et perferendis voluptatem aliquam ut vel.', 4, '2018-08-13 03:31:20', '2018-08-13 03:31:20'),
(252, 19, 'Ryder Leannon', 'Ipsam id mollitia sed consequatur aperiam ullam quia harum. Nihil sapiente magni tenetur magni id voluptatibus. Reprehenderit ut dolorem esse dicta repellat occaecati.', 3, '2018-08-13 03:31:20', '2018-08-13 03:31:20'),
(253, 27, 'Tierra Howe', 'Aut quo beatae distinctio nobis laboriosam. Beatae dolor nisi est quasi nihil. Reprehenderit aliquam enim aspernatur eveniet perferendis quos.', 3, '2018-08-13 03:31:20', '2018-08-13 03:31:20'),
(254, 30, 'Mark Cole', 'Vel velit tempore aliquam temporibus minima. Neque odio nulla quae est est sed molestias sequi. Nihil cupiditate magni quia recusandae adipisci.', 3, '2018-08-13 03:31:20', '2018-08-13 03:31:20'),
(255, 15, 'Trisha Hirthe', 'Soluta tempora animi aspernatur sequi soluta voluptatem. Illo sint eos consequatur. Minima dolores aut placeat qui voluptatem rerum officiis voluptate.', 1, '2018-08-13 03:31:20', '2018-08-13 03:31:20'),
(256, 6, 'Prof. Sallie Renner', 'Omnis eaque deleniti distinctio cupiditate cupiditate porro mollitia. Adipisci eaque saepe quo eaque culpa molestiae laudantium. Necessitatibus qui impedit similique reiciendis ad autem dignissimos.', 4, '2018-08-13 03:31:20', '2018-08-13 03:31:20'),
(257, 33, 'Drew Trantow', 'Asperiores non sed alias qui enim fugit placeat consequuntur. Et architecto autem molestiae tempore. Eius aspernatur iure at.', 2, '2018-08-13 03:31:20', '2018-08-13 03:31:20'),
(258, 13, 'Aliza Satterfield', 'Maiores qui in unde dolor reprehenderit aut ipsum. Et atque corrupti aut id. Dicta est dicta veritatis dignissimos aut impedit rerum.', 5, '2018-08-13 03:31:20', '2018-08-13 03:31:20'),
(259, 17, 'Eriberto Feeney', 'Aspernatur dicta ullam aut occaecati nihil. Non mollitia blanditiis officia libero itaque sunt et. Numquam aliquam autem consequatur.', 5, '2018-08-13 03:31:20', '2018-08-13 03:31:20'),
(260, 19, 'Madisyn Dare III', 'Tenetur sit occaecati voluptatem est. Et ratione quia maiores. Aliquam sed fugit cumque quis sit in magnam. Assumenda voluptas nobis enim omnis eius placeat.', 2, '2018-08-13 03:31:20', '2018-08-13 03:31:20'),
(261, 25, 'Prof. Ardith Satterfield', 'Dolorum ut qui ut occaecati. Et quod perspiciatis id unde et. Velit dignissimos sunt eum voluptatem est. Voluptatem suscipit et et voluptatem dolorum iusto assumenda.', 1, '2018-08-13 03:31:20', '2018-08-13 03:31:20'),
(262, 12, 'Aleen Renner', 'Rerum vero tempora perferendis dolor aliquid eveniet ut. Laudantium et sunt sed distinctio dolorum cumque eaque. Maiores quam necessitatibus ex laudantium ut distinctio distinctio.', 1, '2018-08-13 03:31:20', '2018-08-13 03:31:20'),
(263, 48, 'Mr. Bernard Auer', 'Quod eligendi animi magni. Id minima voluptatem quo eos culpa. Voluptatem maxime placeat minima ut blanditiis natus.', 1, '2018-08-13 03:31:20', '2018-08-13 03:31:20'),
(264, 50, 'Luciano Upton', 'Commodi ut sed necessitatibus illum voluptatem voluptates. Quo ut quaerat nihil delectus quibusdam omnis eum. Maiores asperiores dolor illum. Consequatur eius qui et et.', 5, '2018-08-13 03:31:20', '2018-08-13 03:31:20'),
(265, 10, 'Ms. Carole Osinski V', 'Ex minus unde tenetur ad ut. Qui distinctio et ut quod voluptatem. Voluptatibus earum culpa voluptas dolor.', 2, '2018-08-13 03:31:20', '2018-08-13 03:31:20'),
(266, 42, 'Dayana Cormier', 'Dolorem repellat et vel temporibus aspernatur impedit ea recusandae. Quo quos corrupti cum odit nulla architecto voluptas praesentium. Atque doloremque aut est est cum sed possimus. Aliquid quia est error laudantium dolor quia id repellendus.', 5, '2018-08-13 03:31:20', '2018-08-13 03:31:20'),
(267, 41, 'Jaquan Stiedemann PhD', 'Fugiat placeat cupiditate quis. Quia ut quaerat voluptates nam omnis. Omnis ratione error explicabo dolor. Dolores recusandae saepe illo consequatur voluptas delectus et suscipit.', 0, '2018-08-13 03:31:20', '2018-08-13 03:31:20'),
(268, 8, 'Camilla Hoeger', 'Voluptatum qui minus dolor perspiciatis eius repudiandae. Perspiciatis rerum deleniti iste architecto voluptatem asperiores. At cum sed velit. Et assumenda dolorum ipsa quia quos.', 1, '2018-08-13 03:31:20', '2018-08-13 03:31:20'),
(269, 45, 'Ansley Rosenbaum DDS', 'Dolor tempora velit corporis quia eius provident. Nam velit ut veritatis aspernatur rem. Occaecati et qui vero veniam. Dolor quibusdam sint ut voluptatem.', 3, '2018-08-13 03:31:20', '2018-08-13 03:31:20'),
(270, 44, 'Shanie Miller', 'Eius reprehenderit earum ex aut est quo. Voluptas voluptatibus vitae enim eum. Ipsa ut voluptatum repellendus. Delectus sit quod molestias placeat sint laudantium molestiae.', 1, '2018-08-13 03:31:20', '2018-08-13 03:31:20'),
(271, 31, 'Antonio Wiegand', 'Inventore possimus dolores quidem debitis aut porro. Ex eius et voluptas provident.', 0, '2018-08-13 03:31:20', '2018-08-13 03:31:20'),
(272, 40, 'Dr. Shayne Zboncak', 'Nobis dicta et aut quae. Vitae ex molestias dolorem consequatur fuga.', 1, '2018-08-13 03:31:20', '2018-08-13 03:31:20'),
(273, 6, 'Alva Larkin', 'Amet hic quod ex placeat. Beatae sit eius fuga at cumque officia et. Harum maxime quas doloremque sapiente qui.', 4, '2018-08-13 03:31:20', '2018-08-13 03:31:20'),
(274, 11, 'Liana Moen', 'Consequatur a quaerat et ab. Ex quo sed minima ab velit. Quis cupiditate doloribus delectus aut.', 4, '2018-08-13 03:31:20', '2018-08-13 03:31:20'),
(275, 3, 'River Keebler', 'Rerum placeat architecto exercitationem ullam at qui saepe molestiae. Dolores necessitatibus officiis voluptas molestias aut. Odio architecto optio ullam sunt dolore tempora. Dolores nihil et tempore animi rerum magnam et. Est eius accusantium rerum occaecati qui qui.', 0, '2018-08-13 03:31:20', '2018-08-13 03:31:20'),
(276, 48, 'Halie Greenfelder I', 'Quas explicabo et eaque et a est. Explicabo totam velit minima. Libero deserunt non ea a nihil. Eum dolor voluptatem deserunt qui dolore quia.', 1, '2018-08-13 03:31:21', '2018-08-13 03:31:21'),
(277, 48, 'Alvah Kuphal', 'Alias est maiores veniam incidunt. Est voluptate asperiores omnis error aut veniam. Ducimus necessitatibus nemo neque dolores minus sed. Ut dolorum voluptatem ducimus sint nisi rerum. Omnis reprehenderit quisquam dolores distinctio non.', 1, '2018-08-13 03:31:21', '2018-08-13 03:31:21'),
(278, 1, 'Kayla Schamberger', 'Error facilis ipsa reprehenderit. Hic et repudiandae dolor autem sed in. Delectus placeat eveniet blanditiis deleniti. Sed perferendis magni eos et.', 4, '2018-08-13 03:31:21', '2018-08-13 03:31:21'),
(279, 22, 'Jordyn Rice', 'In qui sint qui porro unde totam harum. Voluptatem et exercitationem libero perspiciatis culpa omnis. Est sit dolores consequatur totam dolore consectetur rerum.', 1, '2018-08-13 03:31:21', '2018-08-13 03:31:21'),
(280, 22, 'Bo Kihn', 'Rerum quam libero aut incidunt qui animi. Quis qui odio id harum enim veniam deserunt vel.', 2, '2018-08-13 03:31:21', '2018-08-13 03:31:21'),
(281, 50, 'Fleta Feest', 'Animi eligendi deleniti consequatur officia omnis. Ut voluptatem sapiente perspiciatis eos. Fuga pariatur exercitationem odit. Optio quas alias a et sed aut.', 2, '2018-08-13 03:31:21', '2018-08-13 03:31:21'),
(282, 46, 'Ms. Albertha Mann', 'Corrupti esse dignissimos vel velit doloremque sunt. Saepe in et laborum optio est sed. Dolorem et ut est at minima autem. Rem dicta voluptatem reiciendis dolor.', 2, '2018-08-13 03:31:21', '2018-08-13 03:31:21'),
(283, 6, 'Magdalen Bins', 'Ea deserunt aut sint quos vel. Qui et aut necessitatibus eveniet cumque molestiae alias. Explicabo debitis sapiente quas dolorem. Non est nam velit deserunt architecto veniam.', 1, '2018-08-13 03:31:21', '2018-08-13 03:31:21'),
(284, 40, 'Stuart Keebler', 'Praesentium esse accusamus aut ipsam sint aperiam quas. Hic consequatur unde consectetur non facilis sapiente eum. Vel nemo est minima in.', 3, '2018-08-13 03:31:21', '2018-08-13 03:31:21'),
(285, 39, 'Columbus Hayes', 'Et voluptatem architecto reprehenderit aut ipsam eos. Et vel voluptates corrupti culpa ut. Quam ab vel asperiores fuga libero perspiciatis.', 3, '2018-08-13 03:31:21', '2018-08-13 03:31:21'),
(286, 35, 'Prof. Alvis Rowe II', 'Iure odit eligendi quia ad minima. Et dolores iusto et voluptatem in omnis nostrum non.', 3, '2018-08-13 03:31:21', '2018-08-13 03:31:21'),
(287, 4, 'Beaulah Crist MD', 'Distinctio eveniet qui nam et non cumque est. Necessitatibus architecto enim ut ut aliquid repudiandae. Odio reiciendis dolore rem voluptate. Eaque excepturi vero est sunt debitis voluptas magni. Qui doloribus sapiente autem eos.', 2, '2018-08-13 03:31:21', '2018-08-13 03:31:21'),
(288, 26, 'Dixie Cartwright', 'Ipsam ea nihil et deleniti quibusdam beatae. Voluptate ut earum quam molestias quam ex nesciunt. Rerum aut illum et veritatis voluptatem natus.', 1, '2018-08-13 03:31:21', '2018-08-13 03:31:21'),
(289, 6, 'Mr. Torey Halvorson', 'Recusandae odio non facere iusto nesciunt eius. Provident nobis voluptate ipsum eius voluptatibus dignissimos recusandae a. Possimus architecto necessitatibus maiores recusandae laudantium ut.', 3, '2018-08-13 03:31:21', '2018-08-13 03:31:21'),
(290, 19, 'Rosalind Bartoletti', 'Quasi porro quibusdam perferendis aperiam impedit aut. Excepturi sit occaecati voluptatibus porro est quibusdam. Cupiditate ut sapiente dolorem ut.', 2, '2018-08-13 03:31:21', '2018-08-13 03:31:21'),
(291, 14, 'Cheyenne Champlin', 'Eos consequuntur quo ut consequuntur a. Magnam id natus nisi voluptatem amet. Iste nihil harum est id sint non.', 1, '2018-08-13 03:31:21', '2018-08-13 03:31:21'),
(292, 12, 'Prof. Jamar Predovic', 'Quo tempora perspiciatis assumenda veritatis. Cumque aut quae odit veritatis.', 3, '2018-08-13 03:31:21', '2018-08-13 03:31:21'),
(293, 47, 'Denis Powlowski', 'Dolore cupiditate molestiae distinctio quas voluptatum aliquam. Illo veniam corporis eos laborum. Est hic ad laboriosam molestias corrupti totam.', 2, '2018-08-13 03:31:21', '2018-08-13 03:31:21'),
(294, 15, 'Prof. Alvera Connelly Sr.', 'Aut ut qui atque quasi id non. Delectus neque veniam voluptatem et itaque dolores aut quia. Enim sint omnis ut quia minus.', 2, '2018-08-13 03:31:21', '2018-08-13 03:31:21'),
(295, 14, 'Jamir Bauch', 'Molestias fuga et esse nam vero. Voluptate et similique modi neque aperiam quis. Aspernatur soluta explicabo et quos. Occaecati sunt illum corporis consequatur quia ex sed. Sunt ratione porro non sit esse amet ut aut.', 3, '2018-08-13 03:31:21', '2018-08-13 03:31:21'),
(296, 41, 'Miss Tess Macejkovic', 'Velit repudiandae asperiores placeat nisi. Eos est qui qui ducimus illum alias et.', 1, '2018-08-13 03:31:21', '2018-08-13 03:31:21'),
(297, 25, 'Prof. Dixie Labadie I', 'Aperiam maxime cum tempore at. Et eos in voluptatem soluta. Quidem rerum molestias omnis a soluta corporis. Voluptates itaque quaerat molestiae aut nulla.', 3, '2018-08-13 03:31:21', '2018-08-13 03:31:21'),
(298, 42, 'Ted Gutkowski', 'Doloribus possimus doloribus neque nulla consectetur dolore et. Ea praesentium nisi velit. Est deleniti ut atque et.', 1, '2018-08-13 03:31:21', '2018-08-13 03:31:21'),
(299, 4, 'Mrs. Susana Hansen', 'Voluptatibus dolorum exercitationem aperiam unde assumenda soluta. Exercitationem sit commodi sunt qui iusto est culpa. Qui qui mollitia est quia.', 1, '2018-08-13 03:31:21', '2018-08-13 03:31:21'),
(300, 11, 'Victoria Cummings', 'Ullam ex ea nemo dolores qui illo. Aut ducimus ex aut quisquam necessitatibus quibusdam. Reprehenderit cum est sit blanditiis occaecati dignissimos quos. Nisi quisquam consequatur vitae rem.', 4, '2018-08-13 03:31:21', '2018-08-13 03:31:21');

-- --------------------------------------------------------

--
-- Table structure for table `users`
--

CREATE TABLE `users` (
  `id` int(10) UNSIGNED NOT NULL,
  `name` varchar(191) COLLATE utf8mb4_unicode_ci NOT NULL,
  `email` varchar(191) COLLATE utf8mb4_unicode_ci NOT NULL,
  `password` varchar(191) COLLATE utf8mb4_unicode_ci NOT NULL,
  `remember_token` varchar(100) COLLATE utf8mb4_unicode_ci DEFAULT NULL,
  `created_at` timestamp NULL DEFAULT NULL,
  `updated_at` timestamp NULL DEFAULT NULL
) ENGINE=InnoDB DEFAULT CHARSET=utf8mb4 COLLATE=utf8mb4_unicode_ci;

--
-- Indexes for dumped tables
--

--
-- Indexes for table `migrations`
--
ALTER TABLE `migrations`
  ADD PRIMARY KEY (`id`);

--
-- Indexes for table `password_resets`
--
ALTER TABLE `password_resets`
  ADD KEY `password_resets_email_index` (`email`);

--
-- Indexes for table `products`
--
ALTER TABLE `products`
  ADD PRIMARY KEY (`id`);

--
-- Indexes for table `reviews`
--
ALTER TABLE `reviews`
  ADD PRIMARY KEY (`id`),
  ADD KEY `reviews_product_id_index` (`product_id`);

--
-- Indexes for table `users`
--
ALTER TABLE `users`
  ADD PRIMARY KEY (`id`),
  ADD UNIQUE KEY `users_email_unique` (`email`);

--
-- AUTO_INCREMENT for dumped tables
--

--
-- AUTO_INCREMENT for table `migrations`
--
ALTER TABLE `migrations`
  MODIFY `id` int(10) UNSIGNED NOT NULL AUTO_INCREMENT, AUTO_INCREMENT=5;

--
-- AUTO_INCREMENT for table `products`
--
ALTER TABLE `products`
  MODIFY `id` int(10) UNSIGNED NOT NULL AUTO_INCREMENT, AUTO_INCREMENT=51;

--
-- AUTO_INCREMENT for table `reviews`
--
ALTER TABLE `reviews`
  MODIFY `id` int(10) UNSIGNED NOT NULL AUTO_INCREMENT, AUTO_INCREMENT=301;

--
-- AUTO_INCREMENT for table `users`
--
ALTER TABLE `users`
  MODIFY `id` int(10) UNSIGNED NOT NULL AUTO_INCREMENT;

--
-- Constraints for dumped tables
--

--
-- Constraints for table `reviews`
--
ALTER TABLE `reviews`
  ADD CONSTRAINT `reviews_product_id_foreign` FOREIGN KEY (`product_id`) REFERENCES `products` (`id`) ON DELETE CASCADE;
COMMIT;

/*!40101 SET CHARACTER_SET_CLIENT=@OLD_CHARACTER_SET_CLIENT */;
/*!40101 SET CHARACTER_SET_RESULTS=@OLD_CHARACTER_SET_RESULTS */;
/*!40101 SET COLLATION_CONNECTION=@OLD_COLLATION_CONNECTION */;
